{
	"credit": "Made with Blockbench",
	"ambientocclusion": false,
	"texture_size": [80, 80],
	"textures": {
		"0": "block/custom/fisher_trophy",
		"particle": "block/custom/fisher_trophy"
	},
	"elements": [
		{
			"from": [4, 0, 4],
			"to": [12, 1, 12],
			"rotation": {"angle": 0, "axis": "y", "origin": [7, 0, 7]},
			"faces": {
				"north": {"uv": [11.2, 15.8, 12.8, 16], "texture": "#0"},
				"east": {"uv": [9.6, 15.8, 11.2, 16], "texture": "#0"},
				"south": {"uv": [14.4, 15.8, 16, 16], "texture": "#0"},
				"west": {"uv": [12.8, 15.8, 14.4, 16], "texture": "#0"},
				"up": {"uv": [12.8, 15.8, 11.2, 14.2], "texture": "#0"},
				"down": {"uv": [14.4, 14.2, 12.8, 15.8], "texture": "#0"}
			}
		},
		{
			"from": [6, 1, 6],
			"to": [10, 5, 10],
			"rotation": {"angle": 0, "axis": "y", "origin": [7, 1, 7]},
			"faces": {
				"north": {"uv": [6.6, 0.8, 7.4, 1.6], "texture": "#0"},
				"east": {"uv": [5.8, 0.8, 6.6, 1.6], "texture": "#0"},
				"south": {"uv": [8.2, 0.8, 9, 1.6], "texture": "#0"},
				"west": {"uv": [7.4, 0.8, 8.2, 1.6], "texture": "#0"},
				"up": {"uv": [7.4, 0.8, 6.6, 0], "texture": "#0"},
				"down": {"uv": [8.2, 0, 7.4, 0.8], "texture": "#0"}
			}
		},
		{
			"from": [3, 5, 3],
			"to": [13, 6, 13],
			"rotation": {"angle": 0, "axis": "y", "origin": [7, 5, 7]},
			"faces": {
				"north": {"uv": [2, 15.8, 4, 16], "texture": "#0"},
				"east": {"uv": [0, 15.8, 2, 16], "texture": "#0"},
				"south": {"uv": [6, 15.8, 8, 16], "texture": "#0"},
				"west": {"uv": [4, 15.8, 6, 16], "texture": "#0"},
				"up": {"uv": [4, 15.8, 2, 13.8], "texture": "#0"},
				"down": {"uv": [6, 13.8, 4, 15.8], "texture": "#0"}
			}
		},
		{
			"from": [2, 6, 2],
			"to": [14, 17, 4],
			"rotation": {"angle": 0, "axis": "y", "origin": [7, 6, 7]},
			"faces": {
				"north": {"uv": [0.4, 0.4, 2.8, 2.6], "texture": "#0"},
				"east": {"uv": [0, 0.4, 0.4, 2.6], "texture": "#0"},
				"south": {"uv": [3.2, 0.4, 5.6, 2.6], "texture": "#0"},
				"west": {"uv": [2.8, 0.4, 3.2, 2.6], "texture": "#0"},
				"up": {"uv": [2.8, 0.4, 0.4, 0], "texture": "#0"},
				"down": {"uv": [5.2, 0, 2.8, 0.4], "texture": "#0"}
			}
		},
		{
			"from": [2, 6, 12],
			"to": [14, 17, 14],
			"rotation": {"angle": 0, "axis": "y", "origin": [7, 6, 17]},
			"faces": {
				"north": {"uv": [7.6, 10.6, 10, 12.8], "texture": "#0"},
				"east": {"uv": [7.2, 10.6, 7.6, 12.8], "texture": "#0"},
				"south": {"uv": [10.4, 10.6, 12.8, 12.8], "texture": "#0"},
				"west": {"uv": [10, 10.6, 10.4, 12.8], "texture": "#0"},
				"up": {"uv": [10, 10.6, 7.6, 10.2], "texture": "#0"},
				"down": {"uv": [12.4, 10.2, 10, 10.6], "texture": "#0"}
			}
		},
		{
			"from": [12, 6, 4],
			"to": [14, 17, 12],
			"rotation": {"angle": 0, "axis": "y", "origin": [9, 6, 7]},
			"faces": {
				"north": {"uv": [10.4, 1.6, 10.8, 3.8], "texture": "#0"},
				"east": {"uv": [8.8, 1.6, 10.4, 3.8], "texture": "#0"},
				"south": {"uv": [12.4, 1.6, 12.8, 3.8], "texture": "#0"},
				"west": {"uv": [10.8, 1.6, 12.4, 3.8], "texture": "#0"},
				"up": {"uv": [10.8, 1.6, 10.4, 0], "texture": "#0"},
				"down": {"uv": [11.2, 0, 10.8, 1.6], "texture": "#0"}
			}
		},
		{
			"from": [2, 6, 4],
			"to": [4, 17, 12],
			"rotation": {"angle": 0, "axis": "y", "origin": [-1, 6, 7]},
			"faces": {
				"north": {"uv": [10.4, 5.4, 10.8, 7.6], "texture": "#0"},
				"east": {"uv": [8.8, 5.4, 10.4, 7.6], "texture": "#0"},
				"south": {"uv": [12.4, 5.4, 12.8, 7.6], "texture": "#0"},
				"west": {"uv": [10.8, 5.4, 12.4, 7.6], "texture": "#0"},
				"up": {"uv": [10.8, 5.4, 10.4, 3.8], "texture": "#0"},
				"down": {"uv": [11.2, 3.8, 10.8, 5.4], "texture": "#0"}
			}
		},
		{
			"from": [0, 13, 7],
			"to": [2, 15, 9],
			"rotation": {"angle": 0, "axis": "y", "origin": [-5, 6, 7]},
			"faces": {
				"north": {"uv": [0.4, 12.4, 0.8, 12.8], "texture": "#0"},
				"east": {"uv": [0, 12.4, 0.4, 12.8], "texture": "#0"},
				"south": {"uv": [1.2, 12.4, 1.6, 12.8], "texture": "#0"},
				"west": {"uv": [0.8, 12.4, 1.2, 12.8], "texture": "#0"},
				"up": {"uv": [0.8, 12.4, 0.4, 12], "texture": "#0"},
				"down": {"uv": [1.2, 12, 0.8, 12.4], "texture": "#0"}
			}
		},
		{
			"from": [0, 8, 7],
			"to": [2, 10, 9],
			"rotation": {"angle": 0, "axis": "y", "origin": [-5, 1, 7]},
			"faces": {
				"north": {"uv": [3.4, 12.4, 3.8, 12.8], "texture": "#0"},
				"east": {"uv": [3, 12.4, 3.4, 12.8], "texture": "#0"},
				"south": {"uv": [4.2, 12.4, 4.6, 12.8], "texture": "#0"},
				"west": {"uv": [3.8, 12.4, 4.2, 12.8], "texture": "#0"},
				"up": {"uv": [3.8, 12.4, 3.4, 12], "texture": "#0"},
				"down": {"uv": [4.2, 12, 3.8, 12.4], "texture": "#0"}
			}
		},
		{
			"from": [-1, 10, 7],
			"to": [1, 13, 9],
			"rotation": {"angle": 0, "axis": "y", "origin": [-6, 4, 7]},
			"faces": {
				"north": {"uv": [2, 12.2, 2.4, 12.8], "texture": "#0"},
				"east": {"uv": [1.6, 12.2, 2, 12.8], "texture": "#0"},
				"south": {"uv": [2.8, 12.2, 3.2, 12.8], "texture": "#0"},
				"west": {"uv": [2.4, 12.2, 2.8, 12.8], "texture": "#0"},
				"up": {"uv": [2.4, 12.2, 2, 11.8], "texture": "#0"},
				"down": {"uv": [2.8, 11.8, 2.4, 12.2], "texture": "#0"}
			}
		},
		{
			"from": [15, 10, 7],
			"to": [17, 13, 9],
			"rotation": {"angle": 0, "axis": "z", "origin": [10, 4, 7]},
			"faces": {
				"north": {"uv": [2, 11.2, 2.4, 11.8], "texture": "#0"},
				"east": {"uv": [1.6, 11.2, 2, 11.8], "texture": "#0"},
				"south": {"uv": [2.8, 11.2, 3.2, 11.8], "texture": "#0"},
				"west": {"uv": [2.4, 11.2, 2.8, 11.8], "texture": "#0"},
				"up": {"uv": [2.4, 11.2, 2, 10.8], "texture": "#0"},
				"down": {"uv": [2.8, 10.8, 2.4, 11.2], "texture": "#0"}
			}
		},
		{
			"from": [14, 13, 7],
			"to": [16, 15, 9],
			"rotation": {"angle": 0, "axis": "z", "origin": [9, 6, 7]},
			"faces": {
				"north": {"uv": [0.4, 11.8, 0.8, 12.2], "texture": "#0"},
				"east": {"uv": [0, 11.8, 0.4, 12.2], "texture": "#0"},
				"south": {"uv": [1.2, 11.8, 1.6, 12.2], "texture": "#0"},
				"west": {"uv": [0.8, 11.8, 1.2, 12.2], "texture": "#0"},
				"up": {"uv": [0.8, 11.8, 0.4, 11.4], "texture": "#0"},
				"down": {"uv": [1.2, 11.4, 0.8, 11.8], "texture": "#0"}
			}
		},
		{
			"from": [14, 8, 7],
			"to": [16, 10, 9],
			"rotation": {"angle": 0, "axis": "z", "origin": [9, 1, 7]},
			"faces": {
				"north": {"uv": [3.4, 11.6, 3.8, 12], "texture": "#0"},
				"east": {"uv": [3, 11.6, 3.4, 12], "texture": "#0"},
				"south": {"uv": [4.2, 11.6, 4.6, 12], "texture": "#0"},
				"west": {"uv": [3.8, 11.6, 4.2, 12], "texture": "#0"},
				"up": {"uv": [3.8, 11.6, 3.4, 11.2], "texture": "#0"},
				"down": {"uv": [4.2, 11.2, 3.8, 11.6], "texture": "#0"}
			}
		}
	],
	"gui_light": "front",
	"display": {
		"thirdperson_righthand": {
			"translation": [0, 1.5, 0],
			"scale": [0.5, 0.5, 0.5]
		},
		"thirdperson_lefthand": {
			"translation": [0, 1.5, 0],
			"scale": [0.5, 0.5, 0.5]
		},
		"firstperson_righthand": {
			"translation": [-1.25, 2.75, 0],
			"scale": [0.5, 0.5, 0.5]
		},
		"firstperson_lefthand": {
			"translation": [-1.25, 2.75, 0],
			"scale": [0.5, 0.5, 0.5]
		},
		"ground": {
			"scale": [0.5, 0.5, 0.5]
		},
		"gui": {
			"rotation": [0, 180, 0],
			"translation": [0, -0.5, 0],
			"scale": [0.8, 0.8, 0.8]
		},
		"head": {
			"translation": [0, 14.5, 0]
		},
		"fixed": {
			"rotation": [-90, 0, 0],
			"translation": [0, 0, -16],
			"scale": [2, 2, 2]
		}
	}
}