{
  "parent": "minecraft:item/handheld",
  "textures": {
    "layer0": "minecraft:item/blaze_rod"
  },
  "overrides": [
    {
      "predicate": {
        "custom_model_data": 1
      },
      "model": "minecraft:item/beacon_drill_1"
    },
    {
      "predicate": {
        "custom_model_data": 2
      },
      "model": "minecraft:item/beacon_drill_2"
    },
    {
      "predicate": {
        "custom_model_data": 3
      },
      "model": "minecraft:item/beacon_drill_3"
    },
    {
      "predicate": {
        "custom_model_data": 4
      },
      "model": "minecraft:item/beacon_drill_4"
    }
  ]
}
