{
  "parent": "minecraft:block/carved_pumpkin",
  "textures": {
    "layer0": "minecraft:block/carved_pumpkin"
  },
  "overrides": [
    {
      "predicate": {
        "custom_model_data": 1
      },
      "model": "minecraft:block/custom/2umic_hat"
    },
    {
      "predicate": {
        "custom_model_data": 2
      },
      "model": "minecraft:block/custom/fisher_trophy"
    },
    {
      "predicate": {
        "custom_model_data": 3
      },
      "model": "minecraft:item/fish/infernal_crown"
    }
  ]
}
