{
  "parent": "minecraft:item/handheld",
  "textures": {
    "layer0": "minecraft:item/iron_sword"
  },
  "overrides": [
    {
      "predicate": {
        "custom_model_data": 1
      },
      "model": "minecraft:item/iron_sword_2"
    },
    {
      "predicate": {
        "custom_model_data": 2
      },
      "model": "minecraft:item/emerald_sword_1"
    },
    {
      "predicate": {
        "custom_model_data": 3
      },
      "model": "minecraft:item/emerald_sword_2"
    },
    {
      "predicate": {
        "custom_model_data": 4
      },
      "model": "minecraft:item/misc/2umic_sword_1"
    },
    {
      "predicate": {
        "custom_model_data": 5
      },
      "model": "minecraft:item/misc/2umic_sword_2"
    },
    {
      "predicate": {
        "custom_model_data": 6
      },
      "model": "minecraft:item/halloween/spirit_sword_1"
    }
  ]
}
