{
	"credit": "Made with Blockbench",
	"parent": "minecraft:item/handheld",
	"textures": {
		"layer0": "item/lapis_sword_1"
	},
	"display": {
		"thirdperson_righthand": {
			"rotation": [0, -90, 55],
			"translation": [0, 7, 0.5]
		},
		"thirdperson_lefthand": {
			"rotation": [0, 90, -55],
			"translation": [0, 7, 0.5]
		},
		"firstperson_righthand": {
			"rotation": [0, -90, 25],
			"translation": [1.13, 3.2, 1.13]
		},
		"firstperson_lefthand": {
			"rotation": [0, 90, -25],
			"translation": [1.13, 3.2, 1.13]
		},
		"ground": {
			"translation": [0, 3.25, 0]
		},
		"head": {
			"rotation": [180, 0, 45],
			"translation": [0, 9.25, 0]
		}
	}
}