{
  "parent": "minecraft:item/generated",
  "textures": {
    "layer0": "minecraft:item/paper"
  },
  "overrides": [
    {
      "predicate": {
        "custom_model_data": 1
      },
      "model": "minecraft:item/nether/warp_scroll_nether"
    },
    {
      "predicate": {
        "custom_model_data": 2
      },
      "model": "minecraft:item/ocean/warp_scroll_ocean"
    },
    {
      "predicate": {
        "custom_model_data": 3
      },
      "model": "minecraft:item/misc/warp_scroll_depths"
    },
    {
      "predicate": {
        "custom_model_data": 4
      },
      "model": "minecraft:item/heaven/warp_scroll_aether"
    }
  ]
}
