{
  "parent": "minecraft:item/generated",
  "textures": {
    "layer0": "minecraft:item/prismarine_crystals"
  },
  "overrides": [
    {
      "predicate": {
        "custom_model_data": 1
      },
      "model": "minecraft:item/rank_coin"
    },
    {
      "predicate": {
        "custom_model_data": 2
      },
      "model": "minecraft:item/ocean/prismarine_fragment"
    },
    {
      "predicate": {
        "custom_model_data": 3
      },
      "model": "minecraft:item/ocean/guardian_fragment"
    },
    {
      "predicate": {
        "custom_model_data": 4
      },
      "model": "minecraft:item/ocean/magma_fragment"
    },
    {
      "predicate": {
        "custom_model_data": 5
      },
      "model": "minecraft:item/ocean/shark_fragment"
    }
  ]
}
