{
  "parent": "minecraft:item/handheld",
  "textures": {
    "layer0": "minecraft:item/stone_pickaxe"
  },
  "overrides": [
    {
      "predicate": {
        "custom_model_data": 1
      },
      "model": "minecraft:item/stone_pick_2"
    },
    {
      "predicate": {
        "custom_model_data": 2
      },
      "model": "minecraft:item/stone_pick_3"
    },
    {
      "predicate": {
        "custom_model_data": 3
      },
      "model": "minecraft:item/coal_pick_1"
    },
    {
      "predicate": {
        "custom_model_data": 4
      },
      "model": "minecraft:item/coal_pick_2"
    }
  ]
}
