{
	"credit": "Made with Blockbench",
	"parent": "minecraft:item/handheld_rod",
	"textures": {
		"layer0": "item/heaven/wither_staff"
	},
	"display": {
		"thirdperson_righthand": {
			"rotation": [45, 90, 0],
			"translation": [0, 6.5, 0.5],
			"scale": [1.2, 1.2, 1.2]
		},
		"thirdperson_lefthand": {
			"rotation": [45, -90, 0],
			"translation": [0, 6.5, -0.5],
			"scale": [1.2, 1.2, 1.2]
		},
		"firstperson_righthand": {
			"rotation": [48.25, 90, 0],
			"translation": [1.13, 4.95, -0.62],
			"scale": [0.9, 0.9, 0.9]
		},
		"firstperson_lefthand": {
			"rotation": [48.25, -90, 0],
			"translation": [1.13, 4.95, -0.62],
			"scale": [0.9, 0.9, 0.9]
		},
		"ground": {
			"translation": [0, 3, 0],
			"scale": [1.1, 1.1, 1.1]
		}
	}
}