{
  "parent": "minecraft:item/generated",
  "textures": {
    "layer0": "minecraft:item/amethyst_shard"
  },
  "overrides": [
    {
      "predicate": {
        "custom_model_data": 1
      },
      "model": "minecraft:item/heaven/heavenly_talisman"
    },
    {
      "predicate": {
        "custom_model_data": 2
      },
      "model": "minecraft:item/heaven/deepstone_talisman"
    },
    {
      "predicate": {
        "custom_model_data": 3
      },
      "model": "minecraft:item/heaven/celestial_talisman"
    },
    {
      "predicate": {
        "custom_model_data": 4
      },
      "model": "minecraft:item/heaven/cloud_talisman"
    },
    {
      "predicate": {
        "custom_model_data": 5
      },
      "model": "minecraft:item/heaven/wither_talisman"
    }
  ]
}
