{
  "parent": "minecraft:item/generated",
  "textures": {
    "layer0": "minecraft:item/blaze_powder"
  },
  "overrides": [
    {
      "predicate": {
        "custom_model_data": 1
      },
      "model": "minecraft:item/fish/infernal_essence"
    },
    {
      "predicate": {
        "custom_model_data": 2
      },
      "model": "minecraft:item/fish/blazing_essence"
    },
    {
      "predicate": {
        "custom_model_data": 3
      },
      "model": "minecraft:item/heaven/fungus_paste"
    }
  ]
}
