{
  "parent": "minecraft:item/generated",
  "textures": {
    "layer0": "minecraft:item/cod"
  },
  "display": {
    "head": {
      "rotation": [
        0,
        90,
        -60
      ],
      "translation": [
        -7,
        -4,
        -7
      ],
      "scale": [
        0.8,
        0.8,
        0.8
      ]
    }
  },
  "overrides": [
    {
      "predicate": {
        "custom_model_data": 1
      },
      "model": "minecraft:item/misc/big_bass"
    },
    {
      "predicate": {
        "custom_model_data": 2
      },
      "model": "minecraft:item/misc/mystical_bass"
    },
    {
      "predicate": {
        "custom_model_data": 3
      },
      "model": "minecraft:item/fish/suggma"
    },
    {
      "predicate": {
        "custom_model_data": 4
      },
      "model": "minecraft:item/fish/lava_leech"
    },
    {
      "predicate": {
        "custom_model_data": 5
      },
      "model": "minecraft:item/fish/infernal_trout"
    },
    {
      "predicate": {
        "custom_model_data": 6
      },
      "model": "minecraft:item/fish/obsidian_carp"
    },
    {
      "predicate": {
        "custom_model_data": 7
      },
      "model": "minecraft:item/fish/gilded_wurm"
    },
    {
      "predicate": {
        "custom_model_data": 8
      },
      "model": "minecraft:item/fish/gold/suggma_gold"
    },
    {
      "predicate": {
        "custom_model_data": 9
      },
      "model": "minecraft:item/fish/gold/lava_leech_gold"
    },
    {
      "predicate": {
        "custom_model_data": 10
      },
      "model": "minecraft:item/fish/gold/infernal_trout_gold"
    },
    {
      "predicate": {
        "custom_model_data": 11
      },
      "model": "minecraft:item/fish/gold/obsidian_carp_gold"
    }
  ]
}
