{
  "parent": "minecraft:item/generated",
  "textures": {
    "layer0": "minecraft:item/copper_ingot"
  },
  "overrides": [
    {
      "predicate": {
        "custom_model_data": 1
      },
      "model": "minecraft:item/misc/supercharged_copper"
    },
    {
      "predicate": {
        "custom_model_data": 2
      },
      "model": "minecraft:item/fish/infernal_coin"
    },
    {
      "predicate": {
        "custom_model_data": 3
      },
      "model": "minecraft:item/fish/large_infernal_coin"
    }
  ]
}
