{
	"credit": "Made with Blockbench",
	"textures": {
		"0": "minecraft:item/copper_buckler",
		"particle": "minecraft:item/copper_buckler"
	},
	"elements": [
		{
			"from": [7, 3, 4],
			"to": [8, 8, 5],
			"rotation": {"angle": 0, "axis": "y", "origin": [7, 7, 3]},
			"faces": {
				"north": {"uv": [1, 9, 2, 14], "texture": "#0"},
				"east": {"uv": [0, 9, 1, 14], "texture": "#0"},
				"south": {"uv": [3, 9, 4, 14], "texture": "#0"},
				"west": {"uv": [2, 9, 3, 14], "texture": "#0"},
				"up": {"uv": [2, 9, 1, 8], "texture": "#0"},
				"down": {"uv": [3, 8, 2, 9], "texture": "#0"}
			}
		},
		{
			"from": [7, 3, 8],
			"to": [8, 8, 9],
			"rotation": {"angle": 0, "axis": "y", "origin": [7, 7, 7]},
			"faces": {
				"north": {"uv": [1, 9, 2, 14], "texture": "#0"},
				"east": {"uv": [0, 9, 1, 14], "texture": "#0"},
				"south": {"uv": [3, 9, 4, 14], "texture": "#0"},
				"west": {"uv": [2, 9, 3, 14], "texture": "#0"},
				"up": {"uv": [2, 9, 1, 8], "texture": "#0"},
				"down": {"uv": [3, 8, 2, 9], "texture": "#0"}
			}
		},
		{
			"from": [7, 7, 5],
			"to": [8, 8, 8],
			"rotation": {"angle": 0, "axis": "y", "origin": [7, 7, 5]},
			"faces": {
				"north": {"uv": [11, 15, 12, 16], "texture": "#0"},
				"east": {"uv": [8, 15, 11, 16], "texture": "#0"},
				"south": {"uv": [15, 15, 16, 16], "texture": "#0"},
				"west": {"uv": [12, 15, 15, 16], "texture": "#0"},
				"up": {"uv": [12, 15, 11, 12], "texture": "#0"},
				"down": {"uv": [13, 12, 12, 15], "texture": "#0"}
			}
		},
		{
			"from": [7, 3, 5],
			"to": [8, 4, 8],
			"rotation": {"angle": 0, "axis": "y", "origin": [7, 3, 5]},
			"faces": {
				"north": {"uv": [11, 15, 12, 16], "texture": "#0"},
				"east": {"uv": [8, 15, 11, 16], "texture": "#0"},
				"south": {"uv": [15, 15, 16, 16], "texture": "#0"},
				"west": {"uv": [12, 15, 15, 16], "texture": "#0"},
				"up": {"uv": [12, 15, 11, 12], "texture": "#0"},
				"down": {"uv": [13, 12, 12, 15], "texture": "#0"}
			}
		},
		{
			"from": [4, 2, 9],
			"to": [11, 9, 10],
			"rotation": {"angle": 0, "axis": "y", "origin": [6, 3, 9]},
			"faces": {
				"north": {"uv": [1, 1, 8, 8], "texture": "#0"},
				"east": {"uv": [0, 1, 1, 8], "texture": "#0"},
				"south": {"uv": [9, 1, 16, 8], "texture": "#0"},
				"west": {"uv": [8, 1, 9, 8], "texture": "#0"},
				"up": {"uv": [8, 1, 1, 0], "texture": "#0"},
				"down": {"uv": [15, 0, 8, 1], "texture": "#0"}
			}
		},
		{
			"from": [11, 3, 9],
			"to": [12, 8, 10],
			"rotation": {"angle": 0, "axis": "y", "origin": [13, 3, 9]},
			"faces": {
				"north": {"uv": [5, 11, 6, 16], "texture": "#0"},
				"east": {"uv": [4, 11, 5, 16], "texture": "#0"},
				"south": {"uv": [7, 11, 8, 16], "texture": "#0"},
				"west": {"uv": [6, 11, 7, 16], "texture": "#0"},
				"up": {"uv": [6, 11, 5, 10], "texture": "#0"},
				"down": {"uv": [7, 10, 6, 11], "texture": "#0"}
			}
		},
		{
			"from": [3, 3, 9],
			"to": [4, 8, 10],
			"rotation": {"angle": 0, "axis": "y", "origin": [5, 3, 9]},
			"faces": {
				"north": {"uv": [5, 11, 6, 16], "texture": "#0"},
				"east": {"uv": [4, 11, 5, 16], "texture": "#0"},
				"south": {"uv": [7, 11, 8, 16], "texture": "#0"},
				"west": {"uv": [6, 11, 7, 16], "texture": "#0"},
				"up": {"uv": [6, 11, 5, 10], "texture": "#0"},
				"down": {"uv": [7, 10, 6, 11], "texture": "#0"}
			}
		},
		{
			"from": [5, 9, 9],
			"to": [10, 10, 10],
			"rotation": {"angle": 0, "axis": "y", "origin": [6, 10, 9]},
			"faces": {
				"north": {"uv": [5, 9, 10, 10], "texture": "#0"},
				"east": {"uv": [4, 9, 5, 10], "texture": "#0"},
				"south": {"uv": [11, 9, 16, 10], "texture": "#0"},
				"west": {"uv": [10, 9, 11, 10], "texture": "#0"},
				"up": {"uv": [10, 9, 5, 8], "texture": "#0"},
				"down": {"uv": [15, 8, 10, 9], "texture": "#0"}
			}
		},
		{
			"from": [5, 1, 9],
			"to": [10, 2, 10],
			"rotation": {"angle": 0, "axis": "y", "origin": [6, 2, 9]},
			"faces": {
				"north": {"uv": [5, 9, 10, 10], "texture": "#0"},
				"east": {"uv": [4, 9, 5, 10], "texture": "#0"},
				"south": {"uv": [11, 9, 16, 10], "texture": "#0"},
				"west": {"uv": [10, 9, 11, 10], "texture": "#0"},
				"up": {"uv": [10, 9, 5, 8], "texture": "#0"},
				"down": {"uv": [15, 8, 10, 9], "texture": "#0"}
			}
		},
		{
			"from": [7, 3, 4],
			"to": [8, 8, 5],
			"rotation": {"angle": 0, "axis": "y", "origin": [7, 7, 3]},
			"faces": {
				"north": {"uv": [1, 9, 2, 14], "texture": "#0"},
				"east": {"uv": [0, 9, 1, 14], "texture": "#0"},
				"south": {"uv": [3, 9, 4, 14], "texture": "#0"},
				"west": {"uv": [2, 9, 3, 14], "texture": "#0"},
				"up": {"uv": [2, 9, 1, 8], "texture": "#0"},
				"down": {"uv": [3, 8, 2, 9], "texture": "#0"}
			}
		}
	],
	"gui_light": "front",
	"display": {
		"thirdperson_righthand": {
			"rotation": [0, 90, 0],
			"translation": [1.5, 0.5, 1]
		},
		"thirdperson_lefthand": {
			"rotation": [0, 90, 0],
			"translation": [1.5, 0.5, 2]
		},
		"firstperson_righthand": {
			"rotation": [0, -180, 0],
			"translation": [-2.75, 4.25, 5.75]
		},
		"firstperson_lefthand": {
			"rotation": [0, -180, 0],
			"translation": [-1.5, 4.25, 5.75]
		},
		"ground": {
			"translation": [0, 3.5, 0]
		},
		"gui": {
			"rotation": [0, -30, 0],
			"translation": [1.5, 4, 0],
			"scale": [1.5, 1.5, 1.5]
		},
		"fixed": {
			"rotation": [0, 180, 0],
			"translation": [-1, 4, 0],
			"scale": [1.5, 1.5, 1.5]
		}
	}
}