{
  "parent": "minecraft:item/generated",
  "textures": {
    "layer0": "minecraft:block/crimson_fungus"
  },
  "overrides": [
    {
      "predicate": {
        "custom_model_data": 1
      },
      "model": "minecraft:item/nether/cursed_fungus"
    },
    {
      "predicate": {
        "custom_model_data": 2
      },
      "model": "minecraft:item/nether/uncursed_fungus"
    },
    {
      "predicate": {
        "custom_model_data": 3
      },
      "model": "minecraft:item/nether/super_cursed_fungus"
    },
    {
      "predicate": {
        "custom_model_data": 4
      },
      "model": "minecraft:item/nether/thrice_cursed_fungus"
    }
  ]
}
