{
  "parent": "minecraft:item/handheld",
  "textures": {
    "layer0": "minecraft:item/diamond_sword"
  },
  "overrides": [
    {
      "predicate": {
        "custom_model_data": 1
      },
      "model": "minecraft:item/lapis_sword_1"
    },
    {
      "predicate": {
        "custom_model_data": 2
      },
      "model": "minecraft:item/lapis_sword_2"
    },
    {
      "predicate": {
        "custom_model_data": 3
      },
      "model": "minecraft:item/redstone_sword_1"
    },
    {
      "predicate": {
        "custom_model_data": 4
      },
      "model": "minecraft:item/redstone_sword_2"
    },
    {
      "predicate": {
        "custom_model_data": 5
      },
      "model": "minecraft:item/diamond_sword_2"
    },
    {
      "predicate": {
        "custom_model_data": 6
      },
      "model": "minecraft:item/massive_godbreaker"
    },
    {
      "predicate": {
        "custom_model_data": 7
      },
      "model": "minecraft:item/lightsaber"
    },
    {
      "predicate": {
        "custom_model_data": 9
      },
      "model": "minecraft:item/misc/real_knife"
    },
    {
      "predicate": {
        "custom_model_data": 10
      },
      "model": "minecraft:item/halloween/spirit_sword_3"
    }
  ]
}
