{
  "parent": "minecraft:item/handheld_rod",
  "textures": {
    "layer0": "minecraft:item/fishing_rod"
  },
  "overrides": [
    {
      "predicate": {
        "cast": 1
      },
      "model": "minecraft:item/fishing_rod_cast"
    },
    {
      "predicate": {
        "custom_model_data": 1
      },
      "model": "minecraft:item/fish/ice_rod"
    },
    {
      "predicate": {
        "custom_model_data": 1,
        "cast": 1
      },
      "model": "minecraft:item/fish/ice_rod_cast"
    },
    {
      "predicate": {
        "custom_model_data": 2
      },
      "model": "minecraft:item/fish/fire_rod"
    },
    {
      "predicate": {
        "custom_model_data": 2,
        "cast": 1
      },
      "model": "minecraft:item/fish/fire_rod_cast"
    },
    {
      "predicate": {
        "custom_model_data": 3
      },
      "model": "minecraft:item/lapis_sword_2"
    }
  ]
}
