{
  "parent": "minecraft:item/generated",
  "textures": {
    "layer0": "minecraft:item/gold_ingot"
  },
  "overrides": [
    {
      "predicate": {
        "custom_model_data": 1
      },
      "model": "minecraft:item/fish/gold_coin"
    },
    {
      "predicate": {
        "custom_model_data": 2
      },
      "model": "minecraft:item/fish/gold_pile"
    },
    {
      "predicate": {
        "custom_model_data": 3
      },
      "model": "minecraft:item/fish/melted_gold"
    },
    {
      "predicate": {
        "custom_model_data": 4
      },
      "model": "minecraft:item/fish/gilded_coin"
    }
  ]
}
