{
  "parent": "minecraft:item/handheld",
  "textures": {
    "layer0": "minecraft:item/golden_sword"
  },
  "overrides": [
    {
      "predicate": {
        "custom_model_data": 1
      },
      "model": "minecraft:item/gold_sword_2"
    },
    {
      "predicate": {
        "custom_model_data": 2
      },
      "model": "minecraft:item/diarald_sword_1"
    },
    {
      "predicate": {
        "custom_model_data": 3
      },
      "model": "minecraft:item/diarald_sword_2"
    },
    {
      "predicate": {
        "custom_model_data": 4
      },
      "model": "minecraft:item/diarald_sword_3"
    },
    {
      "predicate": {
        "custom_model_data": 5
      },
      "model": "minecraft:item/misc/headhunting_cleaver"
    },
    {
      "predicate": {
        "custom_model_data": 6
      },
      "model": "minecraft:item/halloween/spirit_sword_2"
    },
    {
      "predicate": {
        "custom_model_data": 7
      },
      "model": "minecraft:item/heaven/wither_cleaver"
    }
  ]
}
