{
  "parent": "minecraft:item/handheld",
  "textures": {
    "layer0": "minecraft:item/golden_axe"
  },
  "overrides": [
    {
      "predicate": {
        "custom_model_data": 1
      },
      "model": "minecraft:item/halloween/pumpkin_axe_1"
    },
    {
      "predicate": {
        "custom_model_data": 2
      },
      "model": "minecraft:item/halloween/pumpkin_axe_2"
    },
    {
      "predicate": {
        "custom_model_data": 3
      },
      "model": "minecraft:item/halloween/pumpkin_axe_3"
    },
    {
      "predicate": {
        "custom_model_data": 4
      },
      "model": "minecraft:item/halloween/pumpkin_axe_4"
    },
    {
      "predicate": {
        "custom_model_data": 5
      },
      "model": "minecraft:item/halloween/pumpkin_axe_5"
    }
  ]
}
