{
  "parent": "minecraft:item/generated",
  "textures": {
    "layer0": "minecraft:item/heart_of_the_sea"
  },
  "overrides": [
    {
      "predicate": {
        "custom_model_data": 1
      },
      "model": "minecraft:item/nether/elder_fungus_favor"
    },
    {
      "predicate": {
        "custom_model_data": 2
      },
      "model": "minecraft:item/ocean/prismarine_talisman"
    },
    {
      "predicate": {
        "custom_model_data": 3
      },
      "model": "minecraft:item/ocean/guardian_talisman_1"
    },
    {
      "predicate": {
        "custom_model_data": 4
      },
      "model": "minecraft:item/ocean/guardian_talisman_2"
    },
    {
      "predicate": {
        "custom_model_data": 5
      },
      "model": "minecraft:item/ocean/magma_talisman"
    },
    {
      "predicate": {
        "custom_model_data": 6
      },
      "model": "minecraft:item/ocean/shark_talisman"
    },
    {
      "predicate": {
        "custom_model_data": 7
      },
      "model": "minecraft:item/ocean/elder_guardian_talisman_1"
    },
    {
      "predicate": {
        "custom_model_data": 8
      },
      "model": "minecraft:item/ocean/elder_guardian_talisman_2"
    }
  ]
}
