{
  "parent": "minecraft:item/generated",
  "textures": {
    "layer0": "minecraft:item/light_blue_dye"
  },
  "overrides": [
    {
      "predicate": {
        "custom_model_data": 1
      },
      "model": "minecraft:item/misc/blue"
    },
    {
      "predicate": {
        "custom_model_data": 2
      },
      "model": "minecraft:item/halloween/ectoplasm"
    },
    {
      "predicate": {
        "custom_model_data": 3
      },
      "model": "minecraft:item/halloween/comp_ectoplasm"
    }
  ]
}
