{
  "parent": "minecraft:item/handheld",
  "textures": {
    "layer0": "minecraft:item/netherite_pickaxe"
  },
  "overrides": [
    {
      "predicate": {
        "custom_model_data": 1
      },
      "model": "minecraft:item/gold_pick_1"
    },
    {
      "predicate": {
        "custom_model_data": 2
      },
      "model": "minecraft:item/gold_pick_2"
    },
    {
      "predicate": {
        "custom_model_data": 3
      },
      "model": "minecraft:item/nether/netherrack_pick_1"
    },
    {
      "predicate": {
        "custom_model_data": 4
      },
      "model": "minecraft:item/nether/netherrack_pick_2"
    },
    {
      "predicate": {
        "custom_model_data": 5
      },
      "model": "minecraft:item/nether/quartz_pick_1"
    },
    {
      "predicate": {
        "custom_model_data": 6
      },
      "model": "minecraft:item/nether/quartz_pick_2"
    },
    {
      "predicate": {
        "custom_model_data": 7
      },
      "model": "minecraft:item/nether/nethergold_pick_1"
    },
    {
      "predicate": {
        "custom_model_data": 8
      },
      "model": "minecraft:item/nether/nethergold_pick_2"
    },
    {
      "predicate": {
        "custom_model_data": 9
      },
      "model": "minecraft:item/nether/soulsoil_pick_1"
    },
    {
      "predicate": {
        "custom_model_data": 10
      },
      "model": "minecraft:item/nether/soulsoil_pick_2"
    },
    {
      "predicate": {
        "custom_model_data": 11
      },
      "model": "minecraft:item/nether/warped_wart_pick_1"
    },
    {
      "predicate": {
        "custom_model_data": 12
      },
      "model": "minecraft:item/nether/warped_wart_pick_2"
    },
    {
      "predicate": {
        "custom_model_data": 13
      },
      "model": "minecraft:item/nether/crimson_pick_1"
    },
    {
      "predicate": {
        "custom_model_data": 14
      },
      "model": "minecraft:item/nether/crimson_pick_2"
    },
    {
      "predicate": {
        "custom_model_data": 15
      },
      "model": "minecraft:item/nether/netherite_pick_1"
    },
    {
      "predicate": {
        "custom_model_data": 16
      },
      "model": "minecraft:item/nether/netherite_pick_2"
    },
    {
      "predicate": {
        "custom_model_data": 17
      },
      "model": "minecraft:item/ocean/sandstone_pick_1"
    },
    {
      "predicate": {
        "custom_model_data": 18
      },
      "model": "minecraft:item/ocean/sandstone_pick_2"
    },
    {
      "predicate": {
        "custom_model_data": 19
      },
      "model": "minecraft:item/ocean/prismarine_pick_1"
    },
    {
      "predicate": {
        "custom_model_data": 20
      },
      "model": "minecraft:item/ocean/prismarine_pick_2"
    },
    {
      "predicate": {
        "custom_model_data": 21
      },
      "model": "minecraft:item/ocean/guardian_pick_1"
    },
    {
      "predicate": {
        "custom_model_data": 22
      },
      "model": "minecraft:item/ocean/guardian_pick_2"
    },
    {
      "predicate": {
        "custom_model_data": 23
      },
      "model": "minecraft:item/ocean/blue_coral_pick_1"
    },
    {
      "predicate": {
        "custom_model_data": 24
      },
      "model": "minecraft:item/ocean/blue_coral_pick_2"
    },
    {
      "predicate": {
        "custom_model_data": 25
      },
      "model": "minecraft:item/ocean/magma_pick_1"
    },
    {
      "predicate": {
        "custom_model_data": 26
      },
      "model": "minecraft:item/ocean/magma_pick_2"
    },
    {
      "predicate": {
        "custom_model_data": 27
      },
      "model": "minecraft:item/ocean/dark_prismarine_pick_1"
    },
    {
      "predicate": {
        "custom_model_data": 28
      },
      "model": "minecraft:item/ocean/dark_prismarine_pick_2"
    },
    {
      "predicate": {
        "custom_model_data": 29
      },
      "model": "minecraft:item/ocean/shark_pick_1"
    },
    {
      "predicate": {
        "custom_model_data": 30
      },
      "model": "minecraft:item/ocean/shark_pick_2"
    },
    {
      "predicate": {
        "custom_model_data": 31
      },
      "model": "minecraft:item/ocean/elder_guardian_pick"
    },
    {
      "predicate": {
        "custom_model_data": 32
      },
      "model": "minecraft:item/heaven/heavenly_pick_1"
    },
    {
      "predicate": {
        "custom_model_data": 33
      },
      "model": "minecraft:item/heaven/heavenly_pick_2"
    },
    {
      "predicate": {
        "custom_model_data": 34
      },
      "model": "minecraft:item/heaven/angelic_pick_1"
    },
    {
      "predicate": {
        "custom_model_data": 35
      },
      "model": "minecraft:item/heaven/angelic_pick_2"
    },
    {
      "predicate": {
        "custom_model_data": 36
      },
      "model": "minecraft:item/heaven/deepstone_pick_1"
    },
    {
      "predicate": {
        "custom_model_data": 37
      },
      "model": "minecraft:item/heaven/deepstone_pick_2"
    },
    {
      "predicate": {
        "custom_model_data": 38
      },
      "model": "minecraft:item/heaven/glowstone_pick_1"
    },
    {
      "predicate": {
        "custom_model_data": 39
      },
      "model": "minecraft:item/heaven/glowstone_pick_2"
    },
    {
      "predicate": {
        "custom_model_data": 40
      },
      "model": "minecraft:item/heaven/celestial_pick_1"
    },
    {
      "predicate": {
        "custom_model_data": 41
      },
      "model": "minecraft:item/heaven/celestial_pick_2"
    },
    {
      "predicate": {
        "custom_model_data": 42
      },
      "model": "minecraft:item/heaven/meteor_pick_1"
    },
    {
      "predicate": {
        "custom_model_data": 43
      },
      "model": "minecraft:item/heaven/meteor_pick_2"
    },
    {
      "predicate": {
        "custom_model_data": 44
      },
      "model": "minecraft:item/heaven/cloud_pick_1"
    },
    {
      "predicate": {
        "custom_model_data": 45
      },
      "model": "minecraft:item/heaven/cloud_pick_2"
    },
    {
      "predicate": {
        "custom_model_data": 46
      },
      "model": "minecraft:item/heaven/wither_pick_1"
    },
    {
      "predicate": {
        "custom_model_data": 47
      },
      "model": "minecraft:item/heaven/wither_pick_2"
    }
  ]
}
