{
  "parent": "minecraft:item/handheld",
  "textures": {
    "layer0": "minecraft:item/netherite_axe"
  },
  "overrides": [
    {
      "predicate": {
        "custom_model_data": 1
      },
      "model": "minecraft:item/nether/axe_1"
    },
    {
      "predicate": {
        "custom_model_data": 2
      },
      "model": "minecraft:item/ocean/kelxe"
    },
    {
      "predicate": {
        "custom_model_data": 3
      },
      "model": "minecraft:item/nether/axe_2"
    },
    {
      "predicate": {
        "custom_model_data": 4
      },
      "model": "minecraft:item/heaven/wither_staff"
    }
  ]
}
