{
  "parent": "minecraft:item/handheld",
  "textures": {
    "layer0": "minecraft:item/netherite_hoe"
  },
  "overrides": [
    {
      "predicate": {
        "custom_model_data": 1
      },
      "model": "minecraft:item/nether/hoe_5"
    },
    {
      "predicate": {
        "custom_model_data": 2
      },
      "model": "minecraft:item/ocean/kelp_hoe"
    },
    {
      "predicate": {
        "custom_model_data": 3
      },
      "model": "minecraft:item/heaven/celestial_hoe"
    },
    {
      "predicate": {
        "custom_model_data": 4
      },
      "model": "minecraft:item/halloween/bramble_3"
    }
  ]
}
