{
  "parent": "minecraft:item/handheld",
  "textures": {
    "layer0": "minecraft:item/netherite_sword"
  },
  "overrides": [
    {
      "predicate": {
        "custom_model_data": 1
      },
      "model": "minecraft:item/nether/netherrack_sword_1"
    },
    {
      "predicate": {
        "custom_model_data": 2
      },
      "model": "minecraft:item/nether/netherrack_sword_2"
    },
    {
      "predicate": {
        "custom_model_data": 3
      },
      "model": "minecraft:item/nether/quartz_sword_1"
    },
    {
      "predicate": {
        "custom_model_data": 4
      },
      "model": "minecraft:item/nether/quartz_sword_2"
    },
    {
      "predicate": {
        "custom_model_data": 5
      },
      "model": "minecraft:item/nether/nethergold_sword_1"
    },
    {
      "predicate": {
        "custom_model_data": 6
      },
      "model": "minecraft:item/nether/nethergold_sword_2"
    },
    {
      "predicate": {
        "custom_model_data": 7
      },
      "model": "minecraft:item/nether/soulsoil_sword_1"
    },
    {
      "predicate": {
        "custom_model_data": 8
      },
      "model": "minecraft:item/nether/soulsoil_sword_2"
    },
    {
      "predicate": {
        "custom_model_data": 9
      },
      "model": "minecraft:item/nether/warped_wart_sword_1"
    },
    {
      "predicate": {
        "custom_model_data": 10
      },
      "model": "minecraft:item/nether/warped_wart_sword_2"
    },
    {
      "predicate": {
        "custom_model_data": 11
      },
      "model": "minecraft:item/nether/crimson_sword_1"
    },
    {
      "predicate": {
        "custom_model_data": 12
      },
      "model": "minecraft:item/nether/crimson_sword_2"
    },
    {
      "predicate": {
        "custom_model_data": 13
      },
      "model": "minecraft:item/nether/netherite_sword_1"
    },
    {
      "predicate": {
        "custom_model_data": 14
      },
      "model": "minecraft:item/nether/netherite_sword_2"
    },
    {
      "predicate": {
        "custom_model_data": 15
      },
      "model": "minecraft:item/ocean/sandstone_sword_1"
    },
    {
      "predicate": {
        "custom_model_data": 16
      },
      "model": "minecraft:item/ocean/sandstone_sword_2"
    },
    {
      "predicate": {
        "custom_model_data": 17
      },
      "model": "minecraft:item/ocean/prismarine_sword_1"
    },
    {
      "predicate": {
        "custom_model_data": 18
      },
      "model": "minecraft:item/ocean/prismarine_sword_2"
    },
    {
      "predicate": {
        "custom_model_data": 19
      },
      "model": "minecraft:item/ocean/guardian_sword_1"
    },
    {
      "predicate": {
        "custom_model_data": 20
      },
      "model": "minecraft:item/ocean/guardian_sword_2"
    },
    {
      "predicate": {
        "custom_model_data": 21
      },
      "model": "minecraft:item/ocean/blue_coral_sword_1"
    },
    {
      "predicate": {
        "custom_model_data": 22
      },
      "model": "minecraft:item/ocean/blue_coral_sword_2"
    },
    {
      "predicate": {
        "custom_model_data": 23
      },
      "model": "minecraft:item/ocean/magma_sword_1"
    },
    {
      "predicate": {
        "custom_model_data": 24
      },
      "model": "minecraft:item/ocean/magma_sword_2"
    },
    {
      "predicate": {
        "custom_model_data": 25
      },
      "model": "minecraft:item/ocean/dark_prismarine_sword_1"
    },
    {
      "predicate": {
        "custom_model_data": 26
      },
      "model": "minecraft:item/ocean/dark_prismarine_sword_2"
    },
    {
      "predicate": {
        "custom_model_data": 27
      },
      "model": "minecraft:item/ocean/shark_sword_1"
    },
    {
      "predicate": {
        "custom_model_data": 28
      },
      "model": "minecraft:item/ocean/shark_sword_2"
    },
    {
      "predicate": {
        "custom_model_data": 29
      },
      "model": "minecraft:item/ocean/elder_guardian_sword"
    },
    {
      "predicate": {
        "custom_model_data": 30
      },
      "model": "minecraft:item/misc/cosmic_chaos_blade"
    },
    {
      "predicate": {
        "custom_model_data": 31
      },
      "model": "minecraft:item/misc/hellfork"
    },
    {
      "predicate": {
        "custom_model_data": 32
      },
      "model": "minecraft:item/misc/shark"
    },
    {
      "predicate": {
        "custom_model_data": 33
      },
      "model": "minecraft:item/misc/infernal_claymore"
    },
    {
      "predicate": {
        "custom_model_data": 34
      },
      "model": "minecraft:item/misc/lean"
    },
    {
      "predicate": {
        "custom_model_data": 35
      },
      "model": "minecraft:item/heaven/heavenly_sword_1"
    },
    {
      "predicate": {
        "custom_model_data": 36
      },
      "model": "minecraft:item/heaven/heavenly_sword_2"
    },
    {
      "predicate": {
        "custom_model_data": 37
      },
      "model": "minecraft:item/heaven/angelic_sword_1"
    },
    {
      "predicate": {
        "custom_model_data": 38
      },
      "model": "minecraft:item/heaven/angelic_sword_2"
    },
    {
      "predicate": {
        "custom_model_data": 39
      },
      "model": "minecraft:item/heaven/deepstone_sword_1"
    },
    {
      "predicate": {
        "custom_model_data": 40
      },
      "model": "minecraft:item/heaven/deepstone_sword_2"
    },
    {
      "predicate": {
        "custom_model_data": 41
      },
      "model": "minecraft:item/heaven/glowstone_sword_1"
    },
    {
      "predicate": {
        "custom_model_data": 42
      },
      "model": "minecraft:item/heaven/glowstone_sword_2"
    },
    {
      "predicate": {
        "custom_model_data": 43
      },
      "model": "minecraft:item/heaven/celestial_sword_1"
    },
    {
      "predicate": {
        "custom_model_data": 44
      },
      "model": "minecraft:item/heaven/celestial_sword_2"
    },
    {
      "predicate": {
        "custom_model_data": 45
      },
      "model": "minecraft:item/heaven/meteor_sword_1"
    },
    {
      "predicate": {
        "custom_model_data": 46
      },
      "model": "minecraft:item/heaven/meteor_sword_2"
    },
    {
      "predicate": {
        "custom_model_data": 47
      },
      "model": "minecraft:item/heaven/cloud_sword_1"
    },
    {
      "predicate": {
        "custom_model_data": 48
      },
      "model": "minecraft:item/heaven/cloud_sword_2"
    },
    {
      "predicate": {
        "custom_model_data": 49
      },
      "model": "minecraft:item/heaven/wither_sword_1"
    },
    {
      "predicate": {
        "custom_model_data": 50
      },
      "model": "minecraft:item/heaven/wither_sword_2"
    },
    {
      "predicate": {
        "custom_model_data": 51
      },
      "model": "minecraft:item/misc/dragon"
    },
    {
      "predicate": {
        "custom_model_data": 52
      },
      "model": "minecraft:item/halloween/vine_whip"
    },
    {
      "predicate": {
        "custom_model_data": 53
      },
      "model": "minecraft:item/fish/sakura_katana"
    },
    {
      "predicate": {
        "custom_model_data": 54
      },
      "model": "minecraft:item/fish/sakura_katana_sheathed"
    }
  ]
}
