{
  "parent": "minecraft:item/generated",
  "textures": {
    "layer0": "minecraft:item/potion_overlay",
    "layer1": "minecraft:item/potion"
  },
  "overrides": [
    {
      "predicate": {
        "custom_model_data": 1
      },
      "model": "minecraft:item/heaven/grail"
    },
    {
      "predicate": {
        "custom_model_data": 2
      },
      "model": "minecraft:item/halloween/spirit_coffee"
    },
    {
      "predicate": {
        "custom_model_data": 3
      },
      "model": "minecraft:item/halloween/doubleshot_spirit_coffee"
    },
    {
      "predicate": {
        "custom_model_data": 4
      },
      "model": "minecraft:item/halloween/goblet"
    }
  ]
}
