{
  "parent": "minecraft:item/generated",
  "textures": {
    "layer0": "minecraft:item/quartz"
  },
  "overrides": [
    {
      "predicate": {
        "custom_model_data": 1
      },
      "model": "minecraft:item/nether/quartz_talisman"
    },
    {
      "predicate": {
        "custom_model_data": 2
      },
      "model": "minecraft:item/nether/quartz_fragment"
    },
    {
      "predicate": {
        "custom_model_data": 3
      },
      "model": "minecraft:item/nether/soulsoil_fragment"
    },
    {
      "predicate": {
        "custom_model_data": 4
      },
      "model": "minecraft:item/nether/warped_wart_fragment"
    },
    {
      "predicate": {
        "custom_model_data": 5
      },
      "model": "minecraft:item/nether/netherite_fragment"
    }
  ]
}
