{
  "parent": "minecraft:item/generated",
  "textures": {
    "layer0": "minecraft:item/raw_gold"
  },
  "overrides": [
    {
      "predicate": {
        "custom_model_data": 1
      },
      "model": "minecraft:item/gold_talisman"
    },
    {
      "predicate": {
        "custom_model_data": 2
      },
      "model": "minecraft:item/fish/infernal_crystal"
    },
    {
      "predicate": {
        "custom_model_data": 3
      },
      "model": "minecraft:item/fish/blazing_crystal"
    }
  ]
}
