{
  "parent": "minecraft:item/amethyst_bud",
  "textures": {
    "layer0": "minecraft:block/small_amethyst_bud"
  },
  "display": {
    "firstperson_righthand": {
      "rotation": [
        0,
        -90,
        25
      ],
      "translation": [
        0,
        6,
        0
      ],
      "scale": [
        0.68,
        0.68,
        0.68
      ]
    },
    "fixed": {
      "rotation": [
        0,
        0,
        0
      ],
      "translation": [
        0,
        7,
        0
      ],
      "scale": [
        0,
        0,
        0
      ]
    }
  },
  "overrides": [
    {
      "predicate": {
        "custom_model_data": 1
      },
      "model": "minecraft:item/heaven/heavenly_fragment"
    },
    {
      "predicate": {
        "custom_model_data": 2
      },
      "model": "minecraft:item/heaven/deepstone_fragment"
    },
    {
      "predicate": {
        "custom_model_data": 3
      },
      "model": "minecraft:item/heaven/celestial_fragment"
    },
    {
      "predicate": {
        "custom_model_data": 4
      },
      "model": "minecraft:item/heaven/cloud_fragment"
    },
    {
      "predicate": {
        "custom_model_data": 5
      },
      "model": "minecraft:item/heaven/wither_fragment"
    }
  ]
}
