{
  "parent": "minecraft:item/handheld",
  "textures": {
    "layer0": "minecraft:item/stick"
  },
  "overrides": [
    {
      "predicate": {
        "custom_model_data": 1
      },
      "model": "minecraft:item/misc/cosmic_chaos_blade"
    },
    {
      "predicate": {
        "custom_model_data": 2
      },
      "model": "minecraft:item/halloween/bramble_wand"
    },
    {
      "predicate": {
        "custom_model_data": 3
      },
      "model": "minecraft:item/halloween/bramble_wand"
    },
    {
      "predicate": {
        "custom_model_data": 4
      },
      "model": "minecraft:item/halloween/cross"
    }
  ]
}
