{
  "parent": "minecraft:item/generated",
  "textures": {
    "layer0": "minecraft:block/tripwire_hook"
  },
  "overrides": [
    {
      "predicate": {
        "custom_model_data": 1
      },
      "model": "minecraft:item/misc/key_legendary"
    },
    {
      "predicate": {
        "custom_model_data": 2
      },
      "model": "minecraft:item/misc/key_mega"
    },
    {
      "predicate": {
        "custom_model_data": 3
      },
      "model": "minecraft:item/misc/key_mythic"
    },
    {
      "predicate": {
        "custom_model_data": 4
      },
      "model": "minecraft:item/misc/key_daily"
    },
    {
      "predicate": {
        "custom_model_data": 5
      },
      "model": "minecraft:item/misc/key_dungeon"
    }
  ]
}
