{
  "parent": "minecraft:item/generated",
  "textures": {
    "layer0": "minecraft:block/tripwire_hook"
  },
  "overrides": [
    {
      "predicate": {
        "custom_model_data": 1
      },
      "model": "minecraft:item/misc/key_legendary"
    },
    {
      "predicate": {
        "custom_model_data": 2
      },
      "model": "minecraft:item/misc/key_mega"
    },
    {
      "predicate": {
        "custom_model_data": 3
      },
      "model": "minecraft:item/misc/key_mythic"
    },
    {
      "predicate": {
        "custom_model_data": 4
      },
      "model": "minecraft:item/misc/key_daily"
    },
    {
      "predicate": {
        "custom_model_data": 5
      },
      "model": "minecraft:item/misc/key_dungeon"
    },
    {
      "predicate": {
        "custom_model_data": 6
      },
      "model": "minecraft:item/steal/key_common"
    },
    {
      "predicate": {
        "custom_model_data": 7
      },
      "model": "minecraft:item/steal/key_daily"
    },
    {
      "predicate": {
        "custom_model_data": 8
      },
      "model": "minecraft:item/steal/key_rare"
    },
    {
      "predicate": {
        "custom_model_data": 9
      },
      "model": "minecraft:item/steal/key_heart"
    },
    {
      "predicate": {
        "custom_model_data": 10
      },
      "model": "minecraft:item/steal/key_warden"
    }
  ]
}
