{
  "parent": "minecraft:item/handheld",
  "textures": {
    "layer0": "minecraft:item/wooden_axe"
  },
  "overrides": [
    {
      "predicate": {
        "custom_model_data": 1
      },
      "model": "minecraft:item/wood_axe_1"
    },
    {
      "predicate": {
        "custom_model_data": 2
      },
      "model": "minecraft:item/wood_axe_2"
    },
    {
      "predicate": {
        "custom_model_data": 3
      },
      "model": "minecraft:item/wood_axe_4"
    },
    {
      "predicate": {
        "custom_model_data": 4
      },
      "model": "minecraft:item/wood_axe_5"
    }
  ]
}
