{
  "parent": "minecraft:item/handheld",
  "textures": {
    "layer0": "minecraft:item/wooden_shovel"
  },
  "overrides": [
    {
      "predicate": {
        "custom_model_data": 1
      },
      "model": "minecraft:item/nether/soulsoil_drill_1"
    },
    {
      "predicate": {
        "custom_model_data": 2
      },
      "model": "minecraft:item/fish/sakura_club"
    },
    {
      "predicate": {
        "custom_model_data": 3
      },
      "model": "minecraft:item/fish/sakura_club_fire"
    }
  ]
}
