{
	"credit": "Made with Blockbench",
	"textures": {
		"0": "item/misc/claws",
		"particle": "item/misc/claws"
	},
	"elements": [
		{
			"from": [14, 0, 4],
			"to": [15, 2, 7],
			"rotation": {"angle": 0, "axis": "y", "origin": [14, 0, 4]},
			"faces": {
				"north": {"uv": [3, 8, 4, 10], "texture": "#0"},
				"east": {"uv": [0, 8, 3, 10], "texture": "#0"},
				"south": {"uv": [7, 8, 8, 10], "texture": "#0"},
				"west": {"uv": [4, 8, 7, 10], "texture": "#0"},
				"up": {"uv": [4, 8, 3, 5], "texture": "#0"},
				"down": {"uv": [5, 5, 4, 8], "texture": "#0"}
			}
		},
		{
			"from": [14, 1, 7],
			"to": [15, 2, 11],
			"rotation": {"angle": 0, "axis": "y", "origin": [14, 0, 4]},
			"faces": {
				"north": {"uv": [4, 4, 5, 5], "texture": "#0"},
				"east": {"uv": [0, 4, 4, 5], "texture": "#0"},
				"south": {"uv": [9, 4, 10, 5], "texture": "#0"},
				"west": {"uv": [5, 4, 9, 5], "texture": "#0"},
				"up": {"uv": [5, 4, 4, 0], "texture": "#0"},
				"down": {"uv": [6, 0, 5, 4], "texture": "#0"}
			}
		},
		{
			"from": [14, 0, 11],
			"to": [15, 1, 12],
			"rotation": {"angle": 0, "axis": "y", "origin": [14, -1, 8]},
			"faces": {
				"north": {"uv": [1, 1, 2, 2], "texture": "#0"},
				"east": {"uv": [0, 1, 1, 2], "texture": "#0"},
				"south": {"uv": [3, 1, 4, 2], "texture": "#0"},
				"west": {"uv": [2, 1, 3, 2], "texture": "#0"},
				"up": {"uv": [2, 1, 1, 0], "texture": "#0"},
				"down": {"uv": [3, 0, 2, 1], "texture": "#0"}
			}
		},
		{
			"from": [12, 0, 11],
			"to": [13, 1, 12],
			"rotation": {"angle": 0, "axis": "y", "origin": [12, -1, 8]},
			"faces": {
				"north": {"uv": [1, 1, 2, 2], "texture": "#0"},
				"east": {"uv": [0, 1, 1, 2], "texture": "#0"},
				"south": {"uv": [3, 1, 4, 2], "texture": "#0"},
				"west": {"uv": [2, 1, 3, 2], "texture": "#0"},
				"up": {"uv": [2, 1, 1, 0], "texture": "#0"},
				"down": {"uv": [3, 0, 2, 1], "texture": "#0"}
			}
		},
		{
			"from": [12, 1, 7],
			"to": [13, 2, 11],
			"rotation": {"angle": 0, "axis": "y", "origin": [12, 0, 4]},
			"faces": {
				"north": {"uv": [4, 4, 5, 5], "texture": "#0"},
				"east": {"uv": [0, 4, 4, 5], "texture": "#0"},
				"south": {"uv": [9, 4, 10, 5], "texture": "#0"},
				"west": {"uv": [5, 4, 9, 5], "texture": "#0"},
				"up": {"uv": [5, 4, 4, 0], "texture": "#0"},
				"down": {"uv": [6, 0, 5, 4], "texture": "#0"}
			}
		},
		{
			"from": [12, 0, 4],
			"to": [13, 2, 7],
			"rotation": {"angle": 0, "axis": "y", "origin": [12, 0, 4]},
			"faces": {
				"north": {"uv": [3, 8, 4, 10], "texture": "#0"},
				"east": {"uv": [0, 8, 3, 10], "texture": "#0"},
				"south": {"uv": [7, 8, 8, 10], "texture": "#0"},
				"west": {"uv": [4, 8, 7, 10], "texture": "#0"},
				"up": {"uv": [4, 8, 3, 5], "texture": "#0"},
				"down": {"uv": [5, 5, 4, 8], "texture": "#0"}
			}
		},
		{
			"from": [16, 0, 11],
			"to": [17, 1, 12],
			"rotation": {"angle": 0, "axis": "y", "origin": [16, -1, 8]},
			"faces": {
				"north": {"uv": [1, 1, 2, 2], "texture": "#0"},
				"east": {"uv": [0, 1, 1, 2], "texture": "#0"},
				"south": {"uv": [3, 1, 4, 2], "texture": "#0"},
				"west": {"uv": [2, 1, 3, 2], "texture": "#0"},
				"up": {"uv": [2, 1, 1, 0], "texture": "#0"},
				"down": {"uv": [3, 0, 2, 1], "texture": "#0"}
			}
		},
		{
			"from": [16, 1, 7],
			"to": [17, 2, 11],
			"rotation": {"angle": 0, "axis": "y", "origin": [16, 0, 4]},
			"faces": {
				"north": {"uv": [4, 4, 5, 5], "texture": "#0"},
				"east": {"uv": [0, 4, 4, 5], "texture": "#0"},
				"south": {"uv": [9, 4, 10, 5], "texture": "#0"},
				"west": {"uv": [5, 4, 9, 5], "texture": "#0"},
				"up": {"uv": [5, 4, 4, 0], "texture": "#0"},
				"down": {"uv": [6, 0, 5, 4], "texture": "#0"}
			}
		},
		{
			"from": [16, 0, 4],
			"to": [17, 2, 7],
			"rotation": {"angle": 0, "axis": "y", "origin": [16, 0, 4]},
			"faces": {
				"north": {"uv": [3, 8, 4, 10], "texture": "#0"},
				"east": {"uv": [0, 8, 3, 10], "texture": "#0"},
				"south": {"uv": [7, 8, 8, 10], "texture": "#0"},
				"west": {"uv": [4, 8, 7, 10], "texture": "#0"},
				"up": {"uv": [4, 8, 3, 5], "texture": "#0"},
				"down": {"uv": [5, 5, 4, 8], "texture": "#0"}
			}
		},
		{
			"from": [4, 0, 11],
			"to": [5, 1, 12],
			"rotation": {"angle": 0, "axis": "y", "origin": [4, -1, 8]},
			"faces": {
				"north": {"uv": [1, 1, 2, 2], "texture": "#0"},
				"east": {"uv": [0, 1, 1, 2], "texture": "#0"},
				"south": {"uv": [3, 1, 4, 2], "texture": "#0"},
				"west": {"uv": [2, 1, 3, 2], "texture": "#0"},
				"up": {"uv": [2, 1, 1, 0], "texture": "#0"},
				"down": {"uv": [3, 0, 2, 1], "texture": "#0"}
			}
		},
		{
			"from": [4, 1, 7],
			"to": [5, 2, 11],
			"rotation": {"angle": 0, "axis": "y", "origin": [4, 0, 4]},
			"faces": {
				"north": {"uv": [4, 4, 5, 5], "texture": "#0"},
				"east": {"uv": [0, 4, 4, 5], "texture": "#0"},
				"south": {"uv": [9, 4, 10, 5], "texture": "#0"},
				"west": {"uv": [5, 4, 9, 5], "texture": "#0"},
				"up": {"uv": [5, 4, 4, 0], "texture": "#0"},
				"down": {"uv": [6, 0, 5, 4], "texture": "#0"}
			}
		},
		{
			"from": [4, 0, 4],
			"to": [5, 2, 7],
			"rotation": {"angle": 0, "axis": "y", "origin": [4, 0, 4]},
			"faces": {
				"north": {"uv": [3, 8, 4, 10], "texture": "#0"},
				"east": {"uv": [0, 8, 3, 10], "texture": "#0"},
				"south": {"uv": [7, 8, 8, 10], "texture": "#0"},
				"west": {"uv": [4, 8, 7, 10], "texture": "#0"},
				"up": {"uv": [4, 8, 3, 5], "texture": "#0"},
				"down": {"uv": [5, 5, 4, 8], "texture": "#0"}
			}
		},
		{
			"from": [2, 0, 11],
			"to": [3, 1, 12],
			"rotation": {"angle": 0, "axis": "y", "origin": [2, -1, 8]},
			"faces": {
				"north": {"uv": [1, 1, 2, 2], "texture": "#0"},
				"east": {"uv": [0, 1, 1, 2], "texture": "#0"},
				"south": {"uv": [3, 1, 4, 2], "texture": "#0"},
				"west": {"uv": [2, 1, 3, 2], "texture": "#0"},
				"up": {"uv": [2, 1, 1, 0], "texture": "#0"},
				"down": {"uv": [3, 0, 2, 1], "texture": "#0"}
			}
		},
		{
			"from": [2, 1, 7],
			"to": [3, 2, 11],
			"rotation": {"angle": 0, "axis": "y", "origin": [2, 0, 4]},
			"faces": {
				"north": {"uv": [4, 4, 5, 5], "texture": "#0"},
				"east": {"uv": [0, 4, 4, 5], "texture": "#0"},
				"south": {"uv": [9, 4, 10, 5], "texture": "#0"},
				"west": {"uv": [5, 4, 9, 5], "texture": "#0"},
				"up": {"uv": [5, 4, 4, 0], "texture": "#0"},
				"down": {"uv": [6, 0, 5, 4], "texture": "#0"}
			}
		},
		{
			"from": [2, 0, 4],
			"to": [3, 2, 7],
			"rotation": {"angle": 0, "axis": "y", "origin": [2, 0, 4]},
			"faces": {
				"north": {"uv": [3, 8, 4, 10], "texture": "#0"},
				"east": {"uv": [0, 8, 3, 10], "texture": "#0"},
				"south": {"uv": [7, 8, 8, 10], "texture": "#0"},
				"west": {"uv": [4, 8, 7, 10], "texture": "#0"},
				"up": {"uv": [4, 8, 3, 5], "texture": "#0"},
				"down": {"uv": [5, 5, 4, 8], "texture": "#0"}
			}
		},
		{
			"from": [0, 0, 11],
			"to": [1, 1, 12],
			"rotation": {"angle": 0, "axis": "y", "origin": [0, -1, 8]},
			"faces": {
				"north": {"uv": [1, 1, 2, 2], "texture": "#0"},
				"east": {"uv": [0, 1, 1, 2], "texture": "#0"},
				"south": {"uv": [3, 1, 4, 2], "texture": "#0"},
				"west": {"uv": [2, 1, 3, 2], "texture": "#0"},
				"up": {"uv": [2, 1, 1, 0], "texture": "#0"},
				"down": {"uv": [3, 0, 2, 1], "texture": "#0"}
			}
		},
		{
			"from": [0, 1, 7],
			"to": [1, 2, 11],
			"rotation": {"angle": 0, "axis": "y", "origin": [0, 0, 4]},
			"faces": {
				"north": {"uv": [4, 4, 5, 5], "texture": "#0"},
				"east": {"uv": [0, 4, 4, 5], "texture": "#0"},
				"south": {"uv": [9, 4, 10, 5], "texture": "#0"},
				"west": {"uv": [5, 4, 9, 5], "texture": "#0"},
				"up": {"uv": [5, 4, 4, 0], "texture": "#0"},
				"down": {"uv": [6, 0, 5, 4], "texture": "#0"}
			}
		},
		{
			"from": [0, 0, 4],
			"to": [1, 2, 7],
			"rotation": {"angle": 0, "axis": "y", "origin": [0, 0, 4]},
			"faces": {
				"north": {"uv": [3, 8, 4, 10], "texture": "#0"},
				"east": {"uv": [0, 8, 3, 10], "texture": "#0"},
				"south": {"uv": [7, 8, 8, 10], "texture": "#0"},
				"west": {"uv": [4, 8, 7, 10], "texture": "#0"},
				"up": {"uv": [4, 8, 3, 5], "texture": "#0"},
				"down": {"uv": [5, 5, 4, 8], "texture": "#0"}
			}
		}
	],
	"display": {
		"thirdperson_righthand": {
			"rotation": [0, 180, 0],
			"translation": [-5.5, 6.5, 0]
		},
		"thirdperson_lefthand": {
			"translation": [-5.5, 6.25, 3]
		},
		"firstperson_righthand": {
			"translation": [-10, 8.75, -0.25]
		},
		"ground": {
			"translation": [0, 5, 0]
		},
		"gui": {
			"rotation": [26, -28, 0],
			"translation": [-0.5, 4.5, 0],
			"scale": [0.8, 0.8, 0.8]
		},
		"head": {
			"translation": [-1, 14, 0]
		},
		"fixed": {
			"rotation": [-180, 0, 180],
			"translation": [0.5, 7, 0],
			"scale": [1.2, 1.2, 1.2]
		}
	}
}