{
	"credit": "Made with Blockbench",
	"texture_size": [64, 64],
	"textures": {
		"0": "block/custom/2umic_hat_1",
		"1": "block/custom/2umic_hat_2",
		"particle": "block/custom/2umic_hat_1"
	},
	"elements": [
		{
			"from": [3.5, 9, 4.5],
			"to": [12.5, 18, 13.5],
			"rotation": {"angle": 0, "axis": "y", "origin": [3, 9, 4]},
			"faces": {
				"north": {"uv": [2.25, 2.25, 4.5, 4.5], "texture": "#0"},
				"east": {"uv": [0, 2.25, 2.25, 4.5], "texture": "#0"},
				"south": {"uv": [6.75, 2.25, 9, 4.5], "texture": "#0"},
				"west": {"uv": [4.5, 2.25, 6.75, 4.5], "texture": "#0"},
				"up": {"uv": [4.5, 2.25, 2.25, 0], "texture": "#0"},
				"down": {"uv": [6.75, 0, 4.5, 2.25], "texture": "#0"}
			}
		},
		{
			"from": [3, 8, 4],
			"to": [13, 9, 14],
			"rotation": {"angle": 0, "axis": "y", "origin": [4, 8, 5]},
			"faces": {
				"north": {"uv": [2.5, 2.5, 5, 2.75], "texture": "#1"},
				"east": {"uv": [0, 2.5, 2.5, 2.75], "texture": "#1"},
				"south": {"uv": [7.5, 2.5, 10, 2.75], "texture": "#1"},
				"west": {"uv": [5, 2.5, 7.5, 2.75], "texture": "#1"},
				"up": {"uv": [5, 2.5, 2.5, 0], "texture": "#1"},
				"down": {"uv": [7.5, 0, 5, 2.5], "texture": "#1"}
			}
		}
	],
	"display": {
		"thirdperson_righthand": {
			"scale": [0.5, 0.5, 0.5]
		},
		"gui": {
			"rotation": [0, 12, 0],
			"translation": [0, -6.5, 0],
			"scale": [1.3, 1.3, 1.3]
		},
		"head": {
			"rotation": [9, 0, -3],
			"translation": [0, 4, -1.75],
			"scale": [1.6, 1.6, 1.6]
		}
	}
}