{
	"credit": "Made with Blockbench",
	"texture_size": [32, 32],
	"textures": {
		"0": "item/fish/infernal_crown",
		"particle": "item/fish/infernal_crown"
	},
	"elements": [
		{
			"from": [1, 0, 1],
			"to": [15, 2, 1],
			"rotation": {"angle": 0, "axis": "y", "origin": [7, 0, 1]},
			"faces": {
				"north": {"uv": [0, 3, 7, 4], "texture": "#0"},
				"east": {"uv": [0, 3, 0, 4], "texture": "#0"},
				"south": {"uv": [7, 3, 14, 4], "texture": "#0"},
				"west": {"uv": [7, 3, 7, 4], "texture": "#0"},
				"up": {"uv": [7, 3, 0, 3], "texture": "#0"},
				"down": {"uv": [14, 3, 7, 3], "texture": "#0"}
			}
		},
		{
			"from": [1, 0, 15],
			"to": [15, 2, 15],
			"rotation": {"angle": 0, "axis": "y", "origin": [7, 0, 15]},
			"faces": {
				"north": {"uv": [0, 2, 7, 3], "texture": "#0"},
				"east": {"uv": [0, 2, 0, 3], "texture": "#0"},
				"south": {"uv": [7, 2, 14, 3], "texture": "#0"},
				"west": {"uv": [7, 2, 7, 3], "texture": "#0"},
				"up": {"uv": [7, 2, 0, 2], "texture": "#0"},
				"down": {"uv": [14, 2, 7, 2], "texture": "#0"}
			}
		},
		{
			"from": [1, 0, 1],
			"to": [1, 2, 15],
			"rotation": {"angle": 0, "axis": "y", "origin": [1, 0, 7]},
			"faces": {
				"north": {"uv": [7, 10, 7, 11], "texture": "#0"},
				"east": {"uv": [0, 10, 7, 11], "texture": "#0"},
				"south": {"uv": [14, 10, 14, 11], "texture": "#0"},
				"west": {"uv": [7, 10, 14, 11], "texture": "#0"},
				"up": {"uv": [7, 10, 7, 3], "texture": "#0"},
				"down": {"uv": [7, 3, 7, 10], "texture": "#0"}
			}
		},
		{
			"from": [15, 0, 1],
			"to": [15, 2, 15],
			"rotation": {"angle": 0, "axis": "y", "origin": [15, 0, 7]},
			"faces": {
				"north": {"uv": [7, 9, 7, 10], "texture": "#0"},
				"east": {"uv": [0, 9, 7, 10], "texture": "#0"},
				"south": {"uv": [14, 9, 14, 10], "texture": "#0"},
				"west": {"uv": [7, 9, 14, 10], "texture": "#0"},
				"up": {"uv": [7, 9, 7, 2], "texture": "#0"},
				"down": {"uv": [7, 2, 7, 9], "texture": "#0"}
			}
		},
		{
			"from": [15, 2, 1],
			"to": [15, 4, 15],
			"rotation": {"angle": 0, "axis": "y", "origin": [15, 2, 7]},
			"faces": {
				"north": {"uv": [7, 8, 7, 9], "texture": "#0"},
				"east": {"uv": [0, 8, 7, 9], "texture": "#0"},
				"south": {"uv": [14, 8, 14, 9], "texture": "#0"},
				"west": {"uv": [7, 8, 14, 9], "texture": "#0"},
				"up": {"uv": [7, 8, 7, 1], "texture": "#0"},
				"down": {"uv": [7, 1, 7, 8], "texture": "#0"}
			}
		},
		{
			"from": [1, 2, 1],
			"to": [1, 4, 15],
			"rotation": {"angle": 0, "axis": "y", "origin": [1, 2, 7]},
			"faces": {
				"north": {"uv": [7, 7, 7, 8], "texture": "#0"},
				"east": {"uv": [0, 7, 7, 8], "texture": "#0"},
				"south": {"uv": [14, 7, 14, 8], "texture": "#0"},
				"west": {"uv": [7, 7, 14, 8], "texture": "#0"},
				"up": {"uv": [7, 7, 7, 0], "texture": "#0"},
				"down": {"uv": [7, 0, 7, 7], "texture": "#0"}
			}
		},
		{
			"from": [1, 2, 15],
			"to": [15, 4, 15],
			"rotation": {"angle": 0, "axis": "y", "origin": [9, 2, 15]},
			"faces": {
				"north": {"uv": [0, 1, 7, 2], "texture": "#0"},
				"east": {"uv": [0, 1, 0, 2], "texture": "#0"},
				"south": {"uv": [7, 1, 14, 2], "texture": "#0"},
				"west": {"uv": [7, 1, 7, 2], "texture": "#0"},
				"up": {"uv": [7, 1, 0, 1], "texture": "#0"},
				"down": {"uv": [14, 1, 7, 1], "texture": "#0"}
			}
		},
		{
			"from": [1, 2, 1],
			"to": [15, 4, 1],
			"rotation": {"angle": 0, "axis": "y", "origin": [9, 2, 1]},
			"faces": {
				"north": {"uv": [0, 0, 7, 1], "texture": "#0"},
				"east": {"uv": [0, 0, 0, 1], "texture": "#0"},
				"south": {"uv": [7, 0, 14, 1], "texture": "#0"},
				"west": {"uv": [7, 0, 7, 1], "texture": "#0"},
				"up": {"uv": [7, 0, 0, 0], "texture": "#0"},
				"down": {"uv": [14, 0, 7, 0], "texture": "#0"}
			}
		},
		{
			"from": [7, 4, 1],
			"to": [9, 5, 1],
			"rotation": {"angle": 0, "axis": "y", "origin": [9, 4, 1]},
			"faces": {
				"north": {"uv": [0, 15.5, 1, 16], "texture": "#0"},
				"east": {"uv": [0, 15.5, 0, 16], "texture": "#0"},
				"south": {"uv": [1, 15.5, 2, 16], "texture": "#0"},
				"west": {"uv": [1, 15.5, 1, 16], "texture": "#0"},
				"up": {"uv": [1, 15.5, 0, 15.5], "texture": "#0"},
				"down": {"uv": [2, 15.5, 1, 15.5], "texture": "#0"}
			}
		},
		{
			"from": [7, 4, 15],
			"to": [9, 5, 15],
			"rotation": {"angle": 0, "axis": "y", "origin": [9, 4, 15]},
			"faces": {
				"north": {"uv": [0, 15.5, 1, 16], "texture": "#0"},
				"east": {"uv": [0, 15.5, 0, 16], "texture": "#0"},
				"south": {"uv": [1, 15.5, 2, 16], "texture": "#0"},
				"west": {"uv": [1, 15.5, 1, 16], "texture": "#0"},
				"up": {"uv": [1, 15.5, 0, 15.5], "texture": "#0"},
				"down": {"uv": [2, 15.5, 1, 15.5], "texture": "#0"}
			}
		},
		{
			"from": [15, 4, 7],
			"to": [15, 5, 9],
			"rotation": {"angle": 0, "axis": "y", "origin": [15, 4, 9]},
			"faces": {
				"north": {"uv": [1, 15.5, 1, 16], "texture": "#0"},
				"east": {"uv": [0, 15.5, 1, 16], "texture": "#0"},
				"south": {"uv": [2, 15.5, 2, 16], "texture": "#0"},
				"west": {"uv": [1, 15.5, 2, 16], "texture": "#0"},
				"up": {"uv": [1, 15.5, 1, 14.5], "texture": "#0"},
				"down": {"uv": [1, 14.5, 1, 15.5], "texture": "#0"}
			}
		},
		{
			"from": [1, 4, 7],
			"to": [1, 5, 9],
			"rotation": {"angle": 0, "axis": "y", "origin": [1, 4, 9]},
			"faces": {
				"north": {"uv": [1, 15.5, 1, 16], "texture": "#0"},
				"east": {"uv": [0, 15.5, 1, 16], "texture": "#0"},
				"south": {"uv": [2, 15.5, 2, 16], "texture": "#0"},
				"west": {"uv": [1, 15.5, 2, 16], "texture": "#0"},
				"up": {"uv": [1, 15.5, 1, 14.5], "texture": "#0"},
				"down": {"uv": [1, 14.5, 1, 15.5], "texture": "#0"}
			}
		}
	],
	"gui_light": "front",
	"display": {
		"thirdperson_righthand": {
			"rotation": [57, 0, 0],
			"translation": [0, 2, 3.75],
			"scale": [0.45, 0.45, 0.45]
		},
		"thirdperson_lefthand": {
			"rotation": [47, 0, 0],
			"translation": [0, 3, 3.75],
			"scale": [0.45, 0.45, 0.45]
		},
		"firstperson_righthand": {
			"translation": [0, 5.25, 0],
			"scale": [0.5, 0.5, 0.5]
		},
		"firstperson_lefthand": {
			"translation": [0, 4.75, 0],
			"scale": [0.5, 0.5, 0.5]
		},
		"ground": {
			"translation": [0, 4.75, 0]
		},
		"gui": {
			"rotation": [17.42, -7.67, 2.39],
			"translation": [0, 4, 0],
			"scale": [0.8, 0.8, 0.8]
		},
		"head": {
			"translation": [0, 11.25, 0],
			"scale": [1.05, 1.05, 1.05]
		},
		"fixed": {
			"translation": [0, 5.25, 0]
		}
	}
}