{
	"credit": "Made with Blockbench",
	"texture_size": [64, 64],
	"textures": {
		"0": "item/misc/texture",
		"particle": "item/misc/texture"
	},
	"elements": [
		{
			"from": [6, -16, 6],
			"to": [10, -14, 10],
			"rotation": {"angle": 0, "axis": "y", "origin": [7, -16, 7]},
			"faces": {
				"north": {"uv": [11, 8, 12, 8.5], "texture": "#0"},
				"east": {"uv": [10, 8, 11, 8.5], "texture": "#0"},
				"south": {"uv": [13, 8, 14, 8.5], "texture": "#0"},
				"west": {"uv": [12, 8, 13, 8.5], "texture": "#0"},
				"up": {"uv": [12, 8, 11, 7], "texture": "#0"},
				"down": {"uv": [13, 7, 12, 8], "texture": "#0"}
			}
		},
		{
			"from": [6, -7, 6],
			"to": [10, -5, 10],
			"rotation": {"angle": 0, "axis": "y", "origin": [7, -7, 7]},
			"faces": {
				"north": {"uv": [11, 8, 12, 8.5], "texture": "#0"},
				"east": {"uv": [10, 8, 11, 8.5], "texture": "#0"},
				"south": {"uv": [13, 8, 14, 8.5], "texture": "#0"},
				"west": {"uv": [12, 8, 13, 8.5], "texture": "#0"},
				"up": {"uv": [12, 8, 11, 7], "texture": "#0"},
				"down": {"uv": [13, 7, 12, 8], "texture": "#0"}
			}
		},
		{
			"from": [6, -6, 2],
			"to": [10, 17, 15],
			"rotation": {"angle": 0, "axis": "y", "origin": [7, -6, 7]},
			"faces": {
				"north": {"uv": [3.25, 3.25, 4.25, 9], "texture": "#0"},
				"east": {"uv": [0, 3.25, 3.25, 9], "texture": "#0"},
				"south": {"uv": [7.5, 3.25, 8.5, 9], "texture": "#0"},
				"west": {"uv": [4.25, 3.25, 7.5, 9], "texture": "#0"},
				"up": {"uv": [4.25, 3.25, 3.25, 0], "texture": "#0"},
				"down": {"uv": [5.25, 0, 4.25, 3.25], "texture": "#0"}
			}
		},
		{
			"from": [5, -6, 3],
			"to": [6, -2, 14],
			"rotation": {"angle": 0, "axis": "y", "origin": [3, -6, 7]},
			"faces": {
				"north": {"uv": [12.75, 15, 13, 16], "texture": "#0"},
				"east": {"uv": [10, 15, 12.75, 16], "texture": "#0"},
				"south": {"uv": [15.75, 15, 16, 16], "texture": "#0"},
				"west": {"uv": [13, 15, 15.75, 16], "texture": "#0"},
				"up": {"uv": [13, 15, 12.75, 12.25], "texture": "#0"},
				"down": {"uv": [13.25, 12.25, 13, 15], "texture": "#0"}
			}
		},
		{
			"from": [5, -2, 4],
			"to": [6, 0, 13],
			"rotation": {"angle": 0, "axis": "y", "origin": [3, -2, 7]},
			"faces": {
				"north": {"uv": [3.25, 3.25, 3.5, 3.75], "texture": "#0"},
				"east": {"uv": [1, 3.25, 3.25, 3.75], "texture": "#0"},
				"south": {"uv": [5.75, 3.25, 6, 3.75], "texture": "#0"},
				"west": {"uv": [3.5, 3.25, 5.75, 3.75], "texture": "#0"},
				"up": {"uv": [3.5, 3.25, 3.25, 1], "texture": "#0"},
				"down": {"uv": [3.75, 1, 3.5, 3.25], "texture": "#0"}
			}
		},
		{
			"from": [5, 0, 5],
			"to": [6, 1, 12],
			"rotation": {"angle": 0, "axis": "y", "origin": [3, 0, 7]},
			"faces": {
				"north": {"uv": [3.25, 3.25, 3.5, 3.5], "texture": "#0"},
				"east": {"uv": [1.5, 3.25, 3.25, 3.5], "texture": "#0"},
				"south": {"uv": [5.25, 3.25, 5.5, 3.5], "texture": "#0"},
				"west": {"uv": [3.5, 3.25, 5.25, 3.5], "texture": "#0"},
				"up": {"uv": [3.5, 3.25, 3.25, 1.5], "texture": "#0"},
				"down": {"uv": [3.75, 1.5, 3.5, 3.25], "texture": "#0"}
			}
		},
		{
			"from": [5, 0, 5],
			"to": [6, 1, 12],
			"rotation": {"angle": 0, "axis": "y", "origin": [3, 0, 7]},
			"faces": {
				"north": {"uv": [12.75, 15, 13, 15.25], "texture": "#0"},
				"east": {"uv": [11, 15, 12.75, 15.25], "texture": "#0"},
				"south": {"uv": [14.75, 15, 15, 15.25], "texture": "#0"},
				"west": {"uv": [13, 15, 14.75, 15.25], "texture": "#0"},
				"up": {"uv": [13, 15, 12.75, 13.25], "texture": "#0"},
				"down": {"uv": [13.25, 13.25, 13, 15], "texture": "#0"}
			}
		},
		{
			"from": [5, -6, 3],
			"to": [6, -2, 14],
			"rotation": {"angle": 0, "axis": "y", "origin": [3, -6, 7]},
			"faces": {
				"north": {"uv": [12.75, 15, 13, 16], "texture": "#0"},
				"east": {"uv": [10, 15, 12.75, 16], "texture": "#0"},
				"south": {"uv": [15.75, 15, 16, 16], "texture": "#0"},
				"west": {"uv": [13, 15, 15.75, 16], "texture": "#0"},
				"up": {"uv": [13, 15, 12.75, 12.25], "texture": "#0"},
				"down": {"uv": [13.25, 12.25, 13, 15], "texture": "#0"}
			}
		},
		{
			"from": [5, -2, 4],
			"to": [6, 0, 13],
			"rotation": {"angle": 0, "axis": "y", "origin": [3, -2, 7]},
			"faces": {
				"north": {"uv": [12.75, 15, 13, 15.5], "texture": "#0"},
				"east": {"uv": [10.5, 15, 12.75, 15.5], "texture": "#0"},
				"south": {"uv": [15.25, 15, 15.5, 15.5], "texture": "#0"},
				"west": {"uv": [13, 15, 15.25, 15.5], "texture": "#0"},
				"up": {"uv": [13, 15, 12.75, 12.75], "texture": "#0"},
				"down": {"uv": [13.25, 12.75, 13, 15], "texture": "#0"}
			}
		},
		{
			"from": [10, 0, 5],
			"to": [11, 1, 12],
			"rotation": {"angle": 0, "axis": "y", "origin": [8, 0, 7]},
			"faces": {
				"north": {"uv": [12.75, 15, 13, 15.25], "texture": "#0"},
				"east": {"uv": [11, 15, 12.75, 15.25], "texture": "#0"},
				"south": {"uv": [14.75, 15, 15, 15.25], "texture": "#0"},
				"west": {"uv": [13, 15, 14.75, 15.25], "texture": "#0"},
				"up": {"uv": [13, 15, 12.75, 13.25], "texture": "#0"},
				"down": {"uv": [13.25, 13.25, 13, 15], "texture": "#0"}
			}
		},
		{
			"from": [10, -6, 3],
			"to": [11, -2, 14],
			"rotation": {"angle": 0, "axis": "y", "origin": [8, -6, 7]},
			"faces": {
				"north": {"uv": [12.75, 15, 13, 16], "texture": "#0"},
				"east": {"uv": [10, 15, 12.75, 16], "texture": "#0"},
				"south": {"uv": [15.75, 15, 16, 16], "texture": "#0"},
				"west": {"uv": [13, 15, 15.75, 16], "texture": "#0"},
				"up": {"uv": [13, 15, 12.75, 12.25], "texture": "#0"},
				"down": {"uv": [13.25, 12.25, 13, 15], "texture": "#0"}
			}
		},
		{
			"from": [10, -2, 4],
			"to": [11, 0, 13],
			"rotation": {"angle": 0, "axis": "y", "origin": [8, -2, 7]},
			"faces": {
				"north": {"uv": [12.75, 15, 13, 15.5], "texture": "#0"},
				"east": {"uv": [10.5, 15, 12.75, 15.5], "texture": "#0"},
				"south": {"uv": [15.25, 15, 15.5, 15.5], "texture": "#0"},
				"west": {"uv": [13, 15, 15.25, 15.5], "texture": "#0"},
				"up": {"uv": [13, 15, 12.75, 12.75], "texture": "#0"},
				"down": {"uv": [13.25, 12.75, 13, 15], "texture": "#0"}
			}
		},
		{
			"from": [7, 17, 2],
			"to": [9, 22, 3],
			"rotation": {"angle": 0, "axis": "y", "origin": [7, 17, -5]},
			"faces": {
				"north": {"uv": [5.75, 12, 6.25, 13.25], "texture": "#0"},
				"east": {"uv": [5.5, 12, 5.75, 13.25], "texture": "#0"},
				"south": {"uv": [6.5, 12, 7, 13.25], "texture": "#0"},
				"west": {"uv": [6.25, 12, 6.5, 13.25], "texture": "#0"},
				"up": {"uv": [6.25, 12, 5.75, 11.75], "texture": "#0"},
				"down": {"uv": [6.75, 11.75, 6.25, 12], "texture": "#0"}
			}
		},
		{
			"from": [7, 17, 14],
			"to": [9, 22, 15],
			"rotation": {"angle": 0, "axis": "y", "origin": [7, 17, 7]},
			"faces": {
				"north": {"uv": [12.25, 10, 12.75, 11.25], "texture": "#0"},
				"east": {"uv": [12, 10, 12.25, 11.25], "texture": "#0"},
				"south": {"uv": [13, 10, 13.5, 11.25], "texture": "#0"},
				"west": {"uv": [12.75, 10, 13, 11.25], "texture": "#0"},
				"up": {"uv": [12.75, 10, 12.25, 9.75], "texture": "#0"},
				"down": {"uv": [13.25, 9.75, 12.75, 10], "texture": "#0"}
			}
		},
		{
			"from": [7, 22, 3],
			"to": [9, 25, 4],
			"rotation": {"angle": 0, "axis": "y", "origin": [7, 22, -4]},
			"faces": {
				"north": {"uv": [12.25, 11.5, 12.75, 12.25], "texture": "#0"},
				"east": {"uv": [12, 11.5, 12.25, 12.25], "texture": "#0"},
				"south": {"uv": [13, 11.5, 13.5, 12.25], "texture": "#0"},
				"west": {"uv": [12.75, 11.5, 13, 12.25], "texture": "#0"},
				"up": {"uv": [12.75, 11.5, 12.25, 11.25], "texture": "#0"},
				"down": {"uv": [13.25, 11.25, 12.75, 11.5], "texture": "#0"}
			}
		},
		{
			"from": [7, 22, 13],
			"to": [9, 25, 14],
			"rotation": {"angle": 0, "axis": "y", "origin": [7, 22, 6]},
			"faces": {
				"north": {"uv": [3.25, 12.5, 3.75, 13.25], "texture": "#0"},
				"east": {"uv": [3, 12.5, 3.25, 13.25], "texture": "#0"},
				"south": {"uv": [4, 12.5, 4.5, 13.25], "texture": "#0"},
				"west": {"uv": [3.75, 12.5, 4, 13.25], "texture": "#0"},
				"up": {"uv": [3.75, 12.5, 3.25, 12.25], "texture": "#0"},
				"down": {"uv": [4.25, 12.25, 3.75, 12.5], "texture": "#0"}
			}
		},
		{
			"from": [7, 25, 4],
			"to": [9, 27, 5],
			"rotation": {"angle": 0, "axis": "y", "origin": [7, 25, -3]},
			"faces": {
				"north": {"uv": [10.25, 12.5, 10.75, 13], "texture": "#0"},
				"east": {"uv": [10, 12.5, 10.25, 13], "texture": "#0"},
				"south": {"uv": [11, 12.5, 11.5, 13], "texture": "#0"},
				"west": {"uv": [10.75, 12.5, 11, 13], "texture": "#0"},
				"up": {"uv": [10.75, 12.5, 10.25, 12.25], "texture": "#0"},
				"down": {"uv": [11.25, 12.25, 10.75, 12.5], "texture": "#0"}
			}
		},
		{
			"from": [7, 25, 12],
			"to": [9, 27, 13],
			"rotation": {"angle": 0, "axis": "y", "origin": [7, 25, 5]},
			"faces": {
				"north": {"uv": [11.75, 13.25, 12.25, 13.75], "texture": "#0"},
				"east": {"uv": [11.5, 13.25, 11.75, 13.75], "texture": "#0"},
				"south": {"uv": [12.75, 11.25, 13.25, 11.75], "texture": "#0"},
				"west": {"uv": [12.25, 13.25, 12.5, 13.75], "texture": "#0"},
				"up": {"uv": [12.25, 13.25, 11.75, 13], "texture": "#0"},
				"down": {"uv": [12.75, 13, 12.25, 13.25], "texture": "#0"}
			}
		},
		{
			"from": [7, 27, 5],
			"to": [9, 28, 6],
			"rotation": {"angle": 0, "axis": "y", "origin": [7, 27, -2]},
			"faces": {
				"north": {"uv": [13.25, 13.25, 13.75, 13.5], "texture": "#0"},
				"east": {"uv": [13, 13.25, 13.25, 13.5], "texture": "#0"},
				"south": {"uv": [14, 13.25, 14.5, 13.5], "texture": "#0"},
				"west": {"uv": [13.75, 13.25, 14, 13.5], "texture": "#0"},
				"up": {"uv": [13.75, 13.25, 13.25, 13], "texture": "#0"},
				"down": {"uv": [14.25, 13, 13.75, 13.25], "texture": "#0"}
			}
		},
		{
			"from": [7, 27, 11],
			"to": [9, 28, 12],
			"rotation": {"angle": 0, "axis": "y", "origin": [7, 27, 4]},
			"faces": {
				"north": {"uv": [13.75, 9.25, 14.25, 9.5], "texture": "#0"},
				"east": {"uv": [13.5, 9.25, 13.75, 9.5], "texture": "#0"},
				"south": {"uv": [14.5, 9.25, 15, 9.5], "texture": "#0"},
				"west": {"uv": [14.25, 9.25, 14.5, 9.5], "texture": "#0"},
				"up": {"uv": [14.25, 9.25, 13.75, 9], "texture": "#0"},
				"down": {"uv": [14.75, 9, 14.25, 9.25], "texture": "#0"}
			}
		},
		{
			"from": [7, 28, 6],
			"to": [9, 30, 7],
			"rotation": {"angle": 0, "axis": "y", "origin": [7, 28, -1]},
			"faces": {
				"north": {"uv": [11.75, 12.5, 12.25, 13], "texture": "#0"},
				"east": {"uv": [11.5, 12.5, 11.75, 13], "texture": "#0"},
				"south": {"uv": [12.5, 12.5, 13, 13], "texture": "#0"},
				"west": {"uv": [12.25, 12.5, 12.5, 13], "texture": "#0"},
				"up": {"uv": [12.25, 12.5, 11.75, 12.25], "texture": "#0"},
				"down": {"uv": [12.75, 12.25, 12.25, 12.5], "texture": "#0"}
			}
		},
		{
			"from": [7, 28, 10],
			"to": [9, 30, 11],
			"rotation": {"angle": 0, "axis": "y", "origin": [7, 28, 3]},
			"faces": {
				"north": {"uv": [13.25, 12.5, 13.75, 13], "texture": "#0"},
				"east": {"uv": [13.5, 12.25, 13.75, 12.75], "texture": "#0"},
				"south": {"uv": [14, 12.5, 14.5, 13], "texture": "#0"},
				"west": {"uv": [13.75, 12.5, 14, 13], "texture": "#0"},
				"up": {"uv": [13.75, 12.5, 13.25, 12.25], "texture": "#0"},
				"down": {"uv": [14.25, 12.25, 13.75, 12.5], "texture": "#0"}
			}
		},
		{
			"from": [7, 30, 7],
			"to": [9, 31, 8],
			"rotation": {"angle": 0, "axis": "y", "origin": [7, 30, 0]},
			"faces": {
				"north": {"uv": [3.25, 13.5, 3.75, 13.75], "texture": "#0"},
				"east": {"uv": [3, 13.5, 3.25, 13.75], "texture": "#0"},
				"south": {"uv": [4, 13.5, 4.5, 13.75], "texture": "#0"},
				"west": {"uv": [3.75, 13.5, 4, 13.75], "texture": "#0"},
				"up": {"uv": [3.75, 13.5, 3.25, 13.25], "texture": "#0"},
				"down": {"uv": [4.25, 13.25, 3.75, 13.5], "texture": "#0"}
			}
		},
		{
			"from": [7, 30, 9],
			"to": [9, 31, 10],
			"rotation": {"angle": 0, "axis": "y", "origin": [7, 30, 2]},
			"faces": {
				"north": {"uv": [13.75, 9.75, 14.25, 10], "texture": "#0"},
				"east": {"uv": [13.5, 9.75, 13.75, 10], "texture": "#0"},
				"south": {"uv": [14.5, 9.75, 15, 10], "texture": "#0"},
				"west": {"uv": [14.25, 9.75, 14.5, 10], "texture": "#0"},
				"up": {"uv": [14.25, 9.75, 13.75, 9.5], "texture": "#0"},
				"down": {"uv": [14.75, 9.5, 14.25, 9.75], "texture": "#0"}
			}
		},
		{
			"from": [7, 31, 8],
			"to": [9, 32, 9],
			"rotation": {"angle": 0, "axis": "y", "origin": [7, 31, 1]},
			"faces": {
				"north": {"uv": [4.75, 13.5, 5.25, 13.75], "texture": "#0"},
				"east": {"uv": [4.5, 13.5, 4.75, 13.75], "texture": "#0"},
				"south": {"uv": [5.5, 13.5, 6, 13.75], "texture": "#0"},
				"west": {"uv": [5.25, 13.5, 5.5, 13.75], "texture": "#0"},
				"up": {"uv": [5.25, 13.5, 4.75, 13.25], "texture": "#0"},
				"down": {"uv": [5.75, 13.25, 5.25, 13.5], "texture": "#0"}
			}
		},
		{
			"from": [7, -6, 1],
			"to": [9, 17, 2],
			"rotation": {"angle": 0, "axis": "y", "origin": [7, -6, -6]},
			"faces": {
				"north": {"uv": [8.75, 7.25, 9.25, 13], "texture": "#0"},
				"east": {"uv": [8.5, 7.25, 8.75, 13], "texture": "#0"},
				"south": {"uv": [9.5, 7.25, 10, 13], "texture": "#0"},
				"west": {"uv": [9.25, 7.25, 9.5, 13], "texture": "#0"},
				"up": {"uv": [9.25, 7.25, 8.75, 7], "texture": "#0"},
				"down": {"uv": [9.75, 7, 9.25, 7.25], "texture": "#0"}
			}
		},
		{
			"from": [7, -6, 15],
			"to": [9, 17, 16],
			"rotation": {"angle": 0, "axis": "y", "origin": [7, -6, 8]},
			"faces": {
				"north": {"uv": [1.75, 9.25, 2.25, 15], "texture": "#0"},
				"east": {"uv": [1.5, 9.25, 1.75, 15], "texture": "#0"},
				"south": {"uv": [2.5, 9.25, 3, 15], "texture": "#0"},
				"west": {"uv": [2.25, 9.25, 2.5, 15], "texture": "#0"},
				"up": {"uv": [2.25, 9.25, 1.75, 9], "texture": "#0"},
				"down": {"uv": [2.75, 9, 2.25, 9.25], "texture": "#0"}
			}
		},
		{
			"from": [7, -6, 1],
			"to": [9, 17, 2],
			"rotation": {"angle": 0, "axis": "y", "origin": [7, -6, -6]},
			"faces": {
				"north": {"uv": [0.25, 9.25, 0.75, 15], "texture": "#0"},
				"east": {"uv": [0, 9.25, 0.25, 15], "texture": "#0"},
				"south": {"uv": [1, 9.25, 1.5, 15], "texture": "#0"},
				"west": {"uv": [0.75, 9.25, 1, 15], "texture": "#0"},
				"up": {"uv": [0.75, 9.25, 0.25, 9], "texture": "#0"},
				"down": {"uv": [1.25, 9, 0.75, 9.25], "texture": "#0"}
			}
		},
		{
			"from": [7, 17, 2],
			"to": [9, 22, 3],
			"rotation": {"angle": 0, "axis": "y", "origin": [7, 17, -5]},
			"faces": {
				"north": {"uv": [7.25, 12, 7.75, 13.25], "texture": "#0"},
				"east": {"uv": [7, 12, 7.25, 13.25], "texture": "#0"},
				"south": {"uv": [8, 12, 8.5, 13.25], "texture": "#0"},
				"west": {"uv": [7.75, 12, 8, 13.25], "texture": "#0"},
				"up": {"uv": [7.75, 12, 7.25, 11.75], "texture": "#0"},
				"down": {"uv": [8.25, 11.75, 7.75, 12], "texture": "#0"}
			}
		},
		{
			"from": [7, 22, 3],
			"to": [9, 25, 4],
			"rotation": {"angle": 0, "axis": "y", "origin": [7, 22, -4]},
			"faces": {
				"north": {"uv": [7.5, 9, 8, 9.75], "texture": "#0"},
				"east": {"uv": [8, 10.5, 8.25, 11.25], "texture": "#0"},
				"south": {"uv": [8, 9, 8.5, 9.75], "texture": "#0"},
				"west": {"uv": [8.25, 10.5, 8.5, 11.25], "texture": "#0"},
				"up": {"uv": [8, 10.75, 7.5, 10.5], "texture": "#0"},
				"down": {"uv": [8, 10.75, 7.5, 11], "texture": "#0"}
			}
		},
		{
			"from": [7, 22, 4],
			"to": [9, 25, 4],
			"rotation": {"angle": 0, "axis": "y", "origin": [7, 22, -4]},
			"faces": {
				"north": {"uv": [7.5, 9.75, 8, 10.5], "texture": "#0"},
				"east": {"uv": [0, 0, 0, 0.75], "texture": "#0"},
				"south": {"uv": [8, 9.75, 8.5, 10.5], "texture": "#0"},
				"west": {"uv": [0, 0, 0, 0.75], "texture": "#0"},
				"up": {"uv": [0.5, 0, 0, 0], "texture": "#0"},
				"down": {"uv": [0.5, 0, 0, 0], "texture": "#0"}
			}
		},
		{
			"from": [7, 25, 4],
			"to": [9, 27, 5],
			"rotation": {"angle": 0, "axis": "y", "origin": [7, 25, -3]},
			"faces": {
				"north": {"uv": [10.25, 13.25, 10.75, 13.75], "texture": "#0"},
				"east": {"uv": [10, 13.25, 10.25, 13.75], "texture": "#0"},
				"south": {"uv": [11, 13.25, 11.5, 13.75], "texture": "#0"},
				"west": {"uv": [10.75, 13.25, 11, 13.75], "texture": "#0"},
				"up": {"uv": [10.75, 13.25, 10.25, 13], "texture": "#0"},
				"down": {"uv": [11.25, 13, 10.75, 13.25], "texture": "#0"}
			}
		},
		{
			"from": [7, 27, 5],
			"to": [9, 28, 6],
			"rotation": {"angle": 0, "axis": "y", "origin": [7, 27, -2]},
			"faces": {
				"north": {"uv": [13.75, 8.75, 14.25, 9], "texture": "#0"},
				"east": {"uv": [13.5, 8.75, 13.75, 9], "texture": "#0"},
				"south": {"uv": [14.5, 8.75, 15, 9], "texture": "#0"},
				"west": {"uv": [14.25, 8.75, 14.5, 9], "texture": "#0"},
				"up": {"uv": [14.25, 8.75, 13.75, 8.5], "texture": "#0"},
				"down": {"uv": [14.75, 8.5, 14.25, 8.75], "texture": "#0"}
			}
		},
		{
			"from": [7, 28, 6],
			"to": [9, 30, 7],
			"rotation": {"angle": 0, "axis": "y", "origin": [7, 28, -1]},
			"faces": {
				"north": {"uv": [8.75, 13.25, 9.25, 13.75], "texture": "#0"},
				"east": {"uv": [8.5, 13.25, 8.75, 13.75], "texture": "#0"},
				"south": {"uv": [9.5, 13.25, 10, 13.75], "texture": "#0"},
				"west": {"uv": [9.25, 13.25, 9.5, 13.75], "texture": "#0"},
				"up": {"uv": [9.25, 13.25, 8.75, 13], "texture": "#0"},
				"down": {"uv": [9.75, 13, 9.25, 13.25], "texture": "#0"}
			}
		},
		{
			"from": [7, 30, 7],
			"to": [9, 31, 8],
			"rotation": {"angle": 0, "axis": "y", "origin": [7, 30, 0]},
			"faces": {
				"north": {"uv": [6.25, 13.5, 6.75, 13.75], "texture": "#0"},
				"east": {"uv": [6, 13.5, 6.25, 13.75], "texture": "#0"},
				"south": {"uv": [7, 13.5, 7.5, 13.75], "texture": "#0"},
				"west": {"uv": [6.75, 13.5, 7, 13.75], "texture": "#0"},
				"up": {"uv": [6.75, 13.5, 6.25, 13.25], "texture": "#0"},
				"down": {"uv": [7.25, 13.25, 6.75, 13.5], "texture": "#0"}
			}
		},
		{
			"from": [6, 17, 3],
			"to": [10, 22, 14],
			"rotation": {"angle": 0, "axis": "x", "origin": [7, 7, 7]},
			"faces": {
				"north": {"uv": [11.25, 2.75, 12.25, 4], "texture": "#0"},
				"east": {"uv": [8.5, 2.75, 11.25, 4], "texture": "#0"},
				"south": {"uv": [15, 2.75, 16, 4], "texture": "#0"},
				"west": {"uv": [12.25, 2.75, 15, 4], "texture": "#0"},
				"up": {"uv": [12.25, 2.75, 11.25, 0], "texture": "#0"},
				"down": {"uv": [13.25, 0, 12.25, 2.75], "texture": "#0"}
			}
		},
		{
			"from": [6, 22, 4],
			"to": [10, 25, 13],
			"rotation": {"angle": 0, "axis": "x", "origin": [7, 12, 7]},
			"faces": {
				"north": {"uv": [10.75, 6.25, 11.75, 7], "texture": "#0"},
				"east": {"uv": [8.5, 6.25, 10.75, 7], "texture": "#0"},
				"south": {"uv": [14, 6.25, 15, 7], "texture": "#0"},
				"west": {"uv": [11.75, 6.25, 14, 7], "texture": "#0"},
				"up": {"uv": [11.75, 6.25, 10.75, 4], "texture": "#0"},
				"down": {"uv": [12.75, 4, 11.75, 6.25], "texture": "#0"}
			}
		},
		{
			"from": [6, 25, 11],
			"to": [10, 27, 12],
			"rotation": {"angle": 0, "axis": "x", "origin": [7, 15, 14]},
			"faces": {
				"north": {"uv": [3.25, 11.25, 4.25, 11.75], "texture": "#0"},
				"east": {"uv": [3, 11.25, 3.25, 11.75], "texture": "#0"},
				"south": {"uv": [4.5, 11.25, 5.5, 11.75], "texture": "#0"},
				"west": {"uv": [4.25, 11.25, 4.5, 11.75], "texture": "#0"},
				"up": {"uv": [4.25, 11.25, 3.25, 11], "texture": "#0"},
				"down": {"uv": [5.25, 11, 4.25, 11.25], "texture": "#0"}
			}
		},
		{
			"from": [6, 25, 5],
			"to": [10, 27, 6],
			"rotation": {"angle": 0, "axis": "x", "origin": [7, 15, 8]},
			"faces": {
				"north": {"uv": [5.75, 11.25, 6.75, 11.75], "texture": "#0"},
				"east": {"uv": [5.5, 11.25, 5.75, 11.75], "texture": "#0"},
				"south": {"uv": [7, 11.25, 8, 11.75], "texture": "#0"},
				"west": {"uv": [6.75, 11.25, 7, 11.75], "texture": "#0"},
				"up": {"uv": [6.75, 11.25, 5.75, 11], "texture": "#0"},
				"down": {"uv": [7.75, 11, 6.75, 11.25], "texture": "#0"}
			}
		},
		{
			"from": [6, 25, 6],
			"to": [10, 28, 11],
			"rotation": {"angle": 0, "axis": "x", "origin": [7, 15, 7]},
			"faces": {
				"north": {"uv": [4.25, 10.25, 5.25, 11], "texture": "#0"},
				"east": {"uv": [3, 10.25, 4.25, 11], "texture": "#0"},
				"south": {"uv": [6.5, 10.25, 7.5, 11], "texture": "#0"},
				"west": {"uv": [5.25, 10.25, 6.5, 11], "texture": "#0"},
				"up": {"uv": [5.25, 10.25, 4.25, 9], "texture": "#0"},
				"down": {"uv": [6.25, 9, 5.25, 10.25], "texture": "#0"}
			}
		},
		{
			"from": [6, 28, 7],
			"to": [10, 30, 10],
			"rotation": {"angle": 0, "axis": "x", "origin": [7, 18, 7]},
			"faces": {
				"north": {"uv": [10.75, 9.25, 11.75, 9.75], "texture": "#0"},
				"east": {"uv": [10, 9.25, 10.75, 9.75], "texture": "#0"},
				"south": {"uv": [12.5, 9.25, 13.5, 9.75], "texture": "#0"},
				"west": {"uv": [11.75, 9.25, 12.5, 9.75], "texture": "#0"},
				"up": {"uv": [11.75, 9.25, 10.75, 8.5], "texture": "#0"},
				"down": {"uv": [12.75, 8.5, 11.75, 9.25], "texture": "#0"}
			}
		},
		{
			"from": [6, 30, 8],
			"to": [10, 31, 9],
			"rotation": {"angle": 0, "axis": "x", "origin": [7, 19, 8]},
			"faces": {
				"north": {"uv": [3.25, 12, 4.25, 12.25], "texture": "#0"},
				"east": {"uv": [3, 12, 3.25, 12.25], "texture": "#0"},
				"south": {"uv": [4.5, 12, 5.5, 12.25], "texture": "#0"},
				"west": {"uv": [4.25, 12, 4.5, 12.25], "texture": "#0"},
				"up": {"uv": [4.25, 12, 3.25, 11.75], "texture": "#0"},
				"down": {"uv": [5.25, 11.75, 4.25, 12], "texture": "#0"}
			}
		},
		{
			"from": [7, -14, 7],
			"to": [9, -6, 9],
			"rotation": {"angle": 0, "axis": "y", "origin": [8, -14, 7]},
			"faces": {
				"north": {"uv": [10.5, 10.25, 11, 12.25], "texture": "#0"},
				"east": {"uv": [10, 10.25, 10.5, 12.25], "texture": "#0"},
				"south": {"uv": [11.5, 10.25, 12, 12.25], "texture": "#0"},
				"west": {"uv": [11, 10.25, 11.5, 12.25], "texture": "#0"},
				"up": {"uv": [11, 10.25, 10.5, 9.75], "texture": "#0"},
				"down": {"uv": [11.5, 9.75, 11, 10.25], "texture": "#0"}
			}
		}
	],
	"display": {
		"thirdperson_righthand": {
			"translation": [0, 23.5, 1.5],
			"scale": [1.3, 1.42, 1]
		},
		"thirdperson_lefthand": {
			"rotation": [-22.81, -37.24, 90.17],
			"translation": [-11.75, -9.25, 5],
			"scale": [1.3, 1.42, 1]
		},
		"firstperson_righthand": {
			"translation": [0, 23.5, 1.5],
			"scale": [1.3, 1.42, 1]
		},
		"firstperson_lefthand": {
			"translation": [0, 23.5, 1.5],
			"scale": [1.3, 1.42, 1]
		},
		"ground": {
			"translation": [0, 27.25, 0],
			"scale": [1.3, 1.42, 1]
		},
		"gui": {
			"rotation": [-90, -45, -90],
			"scale": [0.65, 0.71, 0.5]
		},
		"head": {
			"rotation": [90, 42.25, -90],
			"translation": [0, -11.75, 6],
			"scale": [1.3, 1.42, 1]
		},
		"fixed": {
			"rotation": [90, -45, 90],
			"scale": [1.3, 1.42, 1]
		}
	}
}