{
	"credit": "Made with Blockbench",
	"texture_size": [48, 48],
	"textures": {
		"1": "item/misc/hellfork",
		"3": "item/misc/hellfork_fire",
		"particle": "item/misc/hellfork"
	},
	"elements": [
		{
			"from": [6, -14, 7],
			"to": [9, -12, 10],
			"rotation": {"angle": 0, "axis": "y", "origin": [6, -13, 8]},
			"faces": {
				"north": {"uv": [4, 7.66667, 5, 8.33333], "texture": "#1"},
				"east": {"uv": [3, 7.66667, 4, 8.33333], "texture": "#1"},
				"south": {"uv": [6, 7.66667, 7, 8.33333], "texture": "#1"},
				"west": {"uv": [5, 7.66667, 6, 8.33333], "texture": "#1"},
				"up": {"uv": [5, 7.66667, 4, 6.66667], "texture": "#1"},
				"down": {"uv": [6, 6.66667, 5, 7.66667], "texture": "#1"}
			}
		},
		{
			"from": [6, -12, 8],
			"to": [7, -10, 9],
			"rotation": {"angle": 0, "axis": "y", "origin": [6, -11, 8]},
			"faces": {
				"north": {"uv": [12, 11.66667, 12.33333, 12.33333], "texture": "#1"},
				"east": {"uv": [11.66667, 11.66667, 12, 12.33333], "texture": "#1"},
				"south": {"uv": [12.66667, 11.66667, 13, 12.33333], "texture": "#1"},
				"west": {"uv": [12.33333, 11.66667, 12.66667, 12.33333], "texture": "#1"},
				"up": {"uv": [12.33333, 11.66667, 12, 11.33333], "texture": "#1"},
				"down": {"uv": [12.66667, 11.33333, 12.33333, 11.66667], "texture": "#1"}
			}
		},
		{
			"from": [8, -12, 8],
			"to": [9, -10, 9],
			"rotation": {"angle": 0, "axis": "y", "origin": [8, -11, 8]},
			"faces": {
				"north": {"uv": [6.66667, 12, 7, 12.66667], "texture": "#1"},
				"east": {"uv": [6.33333, 12, 6.66667, 12.66667], "texture": "#1"},
				"south": {"uv": [7.33333, 12, 7.66667, 12.66667], "texture": "#1"},
				"west": {"uv": [7, 12, 7.33333, 12.66667], "texture": "#1"},
				"up": {"uv": [7, 12, 6.66667, 11.66667], "texture": "#1"},
				"down": {"uv": [7.33333, 11.66667, 7, 12], "texture": "#1"}
			}
		},
		{
			"from": [6, 10, 6],
			"to": [9, 11, 11],
			"rotation": {"angle": 0, "axis": "y", "origin": [6, 11, 8]},
			"faces": {
				"north": {"uv": [7, 1.66667, 8, 2], "texture": "#1"},
				"east": {"uv": [5.33333, 1.66667, 7, 2], "texture": "#1"},
				"south": {"uv": [9.66667, 1.66667, 10.66667, 2], "texture": "#1"},
				"west": {"uv": [8, 1.66667, 9.66667, 2], "texture": "#1"},
				"up": {"uv": [8, 1.66667, 7, 0], "texture": "#1"},
				"down": {"uv": [9, 0, 8, 1.66667], "texture": "#1"}
			}
		},
		{
			"from": [6, 11, 5],
			"to": [9, 12, 12],
			"rotation": {"angle": 0, "axis": "y", "origin": [6, 12, 8]},
			"faces": {
				"north": {"uv": [5.33333, 6, 6.33333, 6.33333], "texture": "#1"},
				"east": {"uv": [3, 6, 5.33333, 6.33333], "texture": "#1"},
				"south": {"uv": [8.66667, 6, 9.66667, 6.33333], "texture": "#1"},
				"west": {"uv": [6.33333, 6, 8.66667, 6.33333], "texture": "#1"},
				"up": {"uv": [6.33333, 6, 5.33333, 3.66667], "texture": "#1"},
				"down": {"uv": [7.33333, 3.66667, 6.33333, 6], "texture": "#1"}
			}
		},
		{
			"from": [6, 12, 4],
			"to": [9, 13, 13],
			"rotation": {"angle": 0, "axis": "y", "origin": [6, 13, 8]},
			"faces": {
				"north": {"uv": [3, 3, 4, 3.33333], "texture": "#1"},
				"east": {"uv": [0, 3, 3, 3.33333], "texture": "#1"},
				"south": {"uv": [7, 3, 8, 3.33333], "texture": "#1"},
				"west": {"uv": [4, 3, 7, 3.33333], "texture": "#1"},
				"up": {"uv": [4, 3, 3, 0], "texture": "#1"},
				"down": {"uv": [5, 0, 4, 3], "texture": "#1"}
			}
		},
		{
			"from": [7, 16, 11],
			"to": [8, 20, 13],
			"rotation": {"angle": 0, "axis": "y", "origin": [6, 14, 8]},
			"faces": {
				"north": {"uv": [3.66667, 9.33333, 4, 10.66667], "texture": "#1"},
				"east": {"uv": [3, 9.33333, 3.66667, 10.66667], "texture": "#1"},
				"south": {"uv": [4.66667, 9.33333, 5, 10.66667], "texture": "#1"},
				"west": {"uv": [4, 9.33333, 4.66667, 10.66667], "texture": "#1"},
				"up": {"uv": [4, 9.33333, 3.66667, 8.66667], "texture": "#1"},
				"down": {"uv": [4.33333, 8.66667, 4, 9.33333], "texture": "#1"}
			}
		},
		{
			"from": [7, 16, 4],
			"to": [8, 20, 6],
			"rotation": {"angle": 0, "axis": "y", "origin": [6, 14, 1]},
			"faces": {
				"north": {"uv": [3.66667, 4.33333, 4, 5.66667], "texture": "#1"},
				"east": {"uv": [3, 4.33333, 3.66667, 5.66667], "texture": "#1"},
				"south": {"uv": [4.66667, 4.33333, 5, 5.66667], "texture": "#1"},
				"west": {"uv": [4, 4.33333, 4.66667, 5.66667], "texture": "#1"},
				"up": {"uv": [4, 4.33333, 3.66667, 3.66667], "texture": "#1"},
				"down": {"uv": [4.33333, 3.66667, 4, 4.33333], "texture": "#1"}
			}
		},
		{
			"from": [7, 14, 5],
			"to": [8, 16, 6],
			"rotation": {"angle": 0, "axis": "y", "origin": [6, 12, 1]},
			"faces": {
				"north": {"uv": [5, 12, 5.33333, 12.66667], "texture": "#1"},
				"east": {"uv": [4.66667, 12, 5, 12.66667], "texture": "#1"},
				"south": {"uv": [5.66667, 12, 6, 12.66667], "texture": "#1"},
				"west": {"uv": [5.33333, 12, 5.66667, 12.66667], "texture": "#1"},
				"up": {"uv": [5.33333, 12, 5, 11.66667], "texture": "#1"},
				"down": {"uv": [5.66667, 11.66667, 5.33333, 12], "texture": "#1"}
			}
		},
		{
			"from": [6, 15, 3],
			"to": [9, 17, 4],
			"rotation": {"angle": 0, "axis": "y", "origin": [6, 13, -1]},
			"faces": {
				"north": {"uv": [5.66667, 10.66667, 6.66667, 11.33333], "texture": "#1"},
				"east": {"uv": [5.33333, 10.66667, 5.66667, 11.33333], "texture": "#1"},
				"south": {"uv": [7, 10.66667, 8, 11.33333], "texture": "#1"},
				"west": {"uv": [6.66667, 10.66667, 7, 11.33333], "texture": "#1"},
				"up": {"uv": [6.66667, 10.66667, 5.66667, 10.33333], "texture": "#1"},
				"down": {"uv": [7.66667, 10.33333, 6.66667, 10.66667], "texture": "#1"}
			}
		},
		{
			"from": [6, 15, 13],
			"to": [9, 17, 14],
			"rotation": {"angle": 0, "axis": "y", "origin": [6, 13, 9]},
			"faces": {
				"north": {"uv": [10, 10.33333, 11, 11], "texture": "#1"},
				"east": {"uv": [9.66667, 10.33333, 10, 11], "texture": "#1"},
				"south": {"uv": [11.33333, 10.33333, 12.33333, 11], "texture": "#1"},
				"west": {"uv": [11, 10.33333, 11.33333, 11], "texture": "#1"},
				"up": {"uv": [11, 10.33333, 10, 10], "texture": "#1"},
				"down": {"uv": [12, 10, 11, 10.33333], "texture": "#1"}
			}
		},
		{
			"from": [7, 14, 11],
			"to": [8, 16, 12],
			"rotation": {"angle": 0, "axis": "y", "origin": [6, 12, 7]},
			"faces": {
				"north": {"uv": [11, 6.66667, 11.33333, 7.33333], "texture": "#1"},
				"east": {"uv": [10.66667, 6.66667, 11, 7.33333], "texture": "#1"},
				"south": {"uv": [11.66667, 6.66667, 12, 7.33333], "texture": "#1"},
				"west": {"uv": [11.33333, 6.66667, 11.66667, 7.33333], "texture": "#1"},
				"up": {"uv": [11.33333, 6.66667, 11, 6.33333], "texture": "#1"},
				"down": {"uv": [11.66667, 6.33333, 11.33333, 6.66667], "texture": "#1"}
			}
		},
		{
			"from": [7, 17, 7],
			"to": [8, 22, 10],
			"rotation": {"angle": 0, "axis": "y", "origin": [6, 14, 5]},
			"faces": {
				"north": {"uv": [1, 1, 1.33333, 2.66667], "texture": "#1"},
				"east": {"uv": [0, 1, 1, 2.66667], "texture": "#1"},
				"south": {"uv": [2.33333, 1, 2.66667, 2.66667], "texture": "#1"},
				"west": {"uv": [1.33333, 1, 2.33333, 2.66667], "texture": "#1"},
				"up": {"uv": [1.33333, 1, 1, 0], "texture": "#1"},
				"down": {"uv": [1.66667, 0, 1.33333, 1], "texture": "#1"}
			}
		},
		{
			"from": [7, 13, 7],
			"to": [8, 17, 8],
			"rotation": {"angle": 0, "axis": "y", "origin": [6, 10, 3]},
			"faces": {
				"north": {"uv": [3.33333, 11.33333, 3.66667, 12.66667], "texture": "#1"},
				"east": {"uv": [3, 11.33333, 3.33333, 12.66667], "texture": "#1"},
				"south": {"uv": [4, 11.33333, 4.33333, 12.66667], "texture": "#1"},
				"west": {"uv": [3.66667, 11.33333, 4, 12.66667], "texture": "#1"},
				"up": {"uv": [3.66667, 11.33333, 3.33333, 11], "texture": "#1"},
				"down": {"uv": [4, 11, 3.66667, 11.33333], "texture": "#1"}
			}
		},
		{
			"from": [7, 13, 9],
			"to": [8, 17, 10],
			"rotation": {"angle": 0, "axis": "y", "origin": [6, 10, 5]},
			"faces": {
				"north": {"uv": [11.33333, 1.66667, 11.66667, 3], "texture": "#1"},
				"east": {"uv": [11, 1.66667, 11.33333, 3], "texture": "#1"},
				"south": {"uv": [12, 1.66667, 12.33333, 3], "texture": "#1"},
				"west": {"uv": [11.66667, 1.66667, 12, 3], "texture": "#1"},
				"up": {"uv": [11.66667, 1.66667, 11.33333, 1.33333], "texture": "#1"},
				"down": {"uv": [12, 1.33333, 11.66667, 1.66667], "texture": "#1"}
			}
		},
		{
			"from": [7, 22, 8],
			"to": [8, 26, 9],
			"rotation": {"angle": 0, "axis": "y", "origin": [6, 23, 5]},
			"faces": {
				"north": {"uv": [11, 4.66667, 11.33333, 6], "texture": "#1"},
				"east": {"uv": [10.66667, 4.66667, 11, 6], "texture": "#1"},
				"south": {"uv": [11.66667, 4.66667, 12, 6], "texture": "#1"},
				"west": {"uv": [11.33333, 4.66667, 11.66667, 6], "texture": "#1"},
				"up": {"uv": [11.33333, 4.66667, 11, 4.33333], "texture": "#1"},
				"down": {"uv": [11.66667, 4.33333, 11.33333, 4.66667], "texture": "#1"}
			}
		},
		{
			"from": [7, 20, 12],
			"to": [8, 23, 13],
			"rotation": {"angle": 0, "axis": "y", "origin": [6, 21, 9]},
			"faces": {
				"north": {"uv": [10.33333, 11.66667, 10.66667, 12.66667], "texture": "#1"},
				"east": {"uv": [10, 11.66667, 10.33333, 12.66667], "texture": "#1"},
				"south": {"uv": [11, 11.66667, 11.33333, 12.66667], "texture": "#1"},
				"west": {"uv": [10.66667, 11.66667, 11, 12.66667], "texture": "#1"},
				"up": {"uv": [10.66667, 11.66667, 10.33333, 11.33333], "texture": "#1"},
				"down": {"uv": [11, 11.33333, 10.66667, 11.66667], "texture": "#1"}
			}
		},
		{
			"from": [7, 20, 4],
			"to": [8, 23, 5],
			"rotation": {"angle": 0, "axis": "y", "origin": [6, 21, 1]},
			"faces": {
				"north": {"uv": [8.66667, 11.33333, 9, 12.33333], "texture": "#1"},
				"east": {"uv": [8.33333, 11.33333, 8.66667, 12.33333], "texture": "#1"},
				"south": {"uv": [9.33333, 11.33333, 9.66667, 12.33333], "texture": "#1"},
				"west": {"uv": [9, 11.33333, 9.33333, 12.33333], "texture": "#1"},
				"up": {"uv": [9, 11.33333, 8.66667, 11], "texture": "#1"},
				"down": {"uv": [9.33333, 11, 9, 11.33333], "texture": "#1"}
			}
		},
		{
			"from": [6, 13, 4],
			"to": [9, 14, 7],
			"rotation": {"angle": 0, "axis": "y", "origin": [6, 14, 1]},
			"faces": {
				"north": {"uv": [8.66667, 3.66667, 9.66667, 4], "texture": "#1"},
				"east": {"uv": [7.66667, 3.66667, 8.66667, 4], "texture": "#1"},
				"south": {"uv": [10.66667, 3.66667, 11.66667, 4], "texture": "#1"},
				"west": {"uv": [9.66667, 3.66667, 10.66667, 4], "texture": "#1"},
				"up": {"uv": [9.66667, 3.66667, 8.66667, 2.66667], "texture": "#1"},
				"down": {"uv": [10.66667, 2.66667, 9.66667, 3.66667], "texture": "#1"}
			}
		},
		{
			"from": [6, 13, 10],
			"to": [9, 14, 13],
			"rotation": {"angle": 0, "axis": "y", "origin": [6, 14, 7]},
			"faces": {
				"north": {"uv": [8.33333, 7.66667, 9.33333, 8], "texture": "#1"},
				"east": {"uv": [7.33333, 7.66667, 8.33333, 8], "texture": "#1"},
				"south": {"uv": [10.33333, 7.66667, 11.33333, 8], "texture": "#1"},
				"west": {"uv": [9.33333, 7.66667, 10.33333, 8], "texture": "#1"},
				"up": {"uv": [9.33333, 7.66667, 8.33333, 6.66667], "texture": "#1"},
				"down": {"uv": [10.33333, 6.66667, 9.33333, 7.66667], "texture": "#1"}
			}
		},
		{
			"from": [6, 14, 12],
			"to": [9, 16, 13],
			"rotation": {"angle": 0, "axis": "y", "origin": [6, 15, 7]},
			"faces": {
				"north": {"uv": [10.33333, 8.66667, 11.33333, 9.33333], "texture": "#1"},
				"east": {"uv": [10, 8.66667, 10.33333, 9.33333], "texture": "#1"},
				"south": {"uv": [11.66667, 8.66667, 12.66667, 9.33333], "texture": "#1"},
				"west": {"uv": [11.33333, 8.66667, 11.66667, 9.33333], "texture": "#1"},
				"up": {"uv": [11.33333, 8.66667, 10.33333, 8.33333], "texture": "#1"},
				"down": {"uv": [12.33333, 8.33333, 11.33333, 8.66667], "texture": "#1"}
			}
		},
		{
			"from": [6, 14, 4],
			"to": [9, 16, 5],
			"rotation": {"angle": 0, "axis": "y", "origin": [6, 15, -1]},
			"faces": {
				"north": {"uv": [9.66667, 0.33333, 10.66667, 1], "texture": "#1"},
				"east": {"uv": [9.33333, 0.33333, 9.66667, 1], "texture": "#1"},
				"south": {"uv": [11, 0.33333, 12, 1], "texture": "#1"},
				"west": {"uv": [10.66667, 0.33333, 11, 1], "texture": "#1"},
				"up": {"uv": [10.66667, 0.33333, 9.66667, 0], "texture": "#1"},
				"down": {"uv": [11.66667, 0, 10.66667, 0.33333], "texture": "#1"}
			}
		},
		{
			"from": [6, 13, 8],
			"to": [9, 17, 9],
			"rotation": {"angle": 0, "axis": "y", "origin": [6, 14, 3]},
			"faces": {
				"north": {"uv": [7.33333, 8.66667, 8.33333, 10], "texture": "#1"},
				"east": {"uv": [7, 8.66667, 7.33333, 10], "texture": "#1"},
				"south": {"uv": [8.66667, 8.66667, 9.66667, 10], "texture": "#1"},
				"west": {"uv": [8.33333, 8.66667, 8.66667, 10], "texture": "#1"},
				"up": {"uv": [8.33333, 8.66667, 7.33333, 8.33333], "texture": "#1"},
				"down": {"uv": [9.33333, 8.33333, 8.33333, 8.66667], "texture": "#1"}
			}
		},
		{
			"from": [7, -14, 6],
			"to": [8, -11, 7],
			"rotation": {"angle": 0, "axis": "y", "origin": [7, -13, 6]},
			"faces": {
				"north": {"uv": [5.66667, 9, 6, 10], "texture": "#1"},
				"east": {"uv": [5.33333, 9, 5.66667, 10], "texture": "#1"},
				"south": {"uv": [6.33333, 9, 6.66667, 10], "texture": "#1"},
				"west": {"uv": [6, 9, 6.33333, 10], "texture": "#1"},
				"up": {"uv": [6, 9, 5.66667, 8.66667], "texture": "#1"},
				"down": {"uv": [6.33333, 8.66667, 6, 9], "texture": "#1"}
			}
		},
		{
			"from": [7, -14, 10],
			"to": [8, -11, 11],
			"rotation": {"angle": 0, "axis": "y", "origin": [7, -13, 10]},
			"faces": {
				"north": {"uv": [5.66667, 0.33333, 6, 1.33333], "texture": "#1"},
				"east": {"uv": [5.33333, 0.33333, 5.66667, 1.33333], "texture": "#1"},
				"south": {"uv": [6.33333, 0.33333, 6.66667, 1.33333], "texture": "#1"},
				"west": {"uv": [6, 0.33333, 6.33333, 1.33333], "texture": "#1"},
				"up": {"uv": [6, 0.33333, 5.66667, 0], "texture": "#1"},
				"down": {"uv": [6.33333, 0, 6, 0.33333], "texture": "#1"}
			}
		},
		{
			"from": [7, -12, 7],
			"to": [8, 10, 10],
			"rotation": {"angle": 0, "axis": "y", "origin": [7, -11, 10]},
			"faces": {
				"north": {"uv": [1, 4.66667, 1.33333, 12], "texture": "#1"},
				"east": {"uv": [0, 4.66667, 1, 12], "texture": "#1"},
				"south": {"uv": [2.33333, 4.66667, 2.66667, 12], "texture": "#1"},
				"west": {"uv": [1.33333, 4.66667, 2.33333, 12], "texture": "#1"},
				"up": {"uv": [1.33333, 4.66667, 1, 3.66667], "texture": "#1"},
				"down": {"uv": [1.66667, 3.66667, 1.33333, 4.66667], "texture": "#1"}
			}
		},
		{
			"from": [7, -15, 7],
			"to": [8, -14, 10],
			"rotation": {"angle": 0, "axis": "y", "origin": [7, -15, 7]},
			"faces": {
				"north": {"uv": [8.66667, 5.33333, 9, 5.66667], "texture": "#1"},
				"east": {"uv": [7.66667, 5.33333, 8.66667, 5.66667], "texture": "#1"},
				"south": {"uv": [10, 5.33333, 10.33333, 5.66667], "texture": "#1"},
				"west": {"uv": [9, 5.33333, 10, 5.66667], "texture": "#1"},
				"up": {"uv": [9, 5.33333, 8.66667, 4.33333], "texture": "#1"},
				"down": {"uv": [9.33333, 4.33333, 9, 5.33333], "texture": "#1"}
			}
		},
		{
			"from": [7, -16, 8],
			"to": [8, -15, 9],
			"rotation": {"angle": 0, "axis": "y", "origin": [7, -16, 7]},
			"faces": {
				"north": {"uv": [6.66667, 7, 7, 7.33333], "texture": "#1"},
				"east": {"uv": [6.33333, 7, 6.66667, 7.33333], "texture": "#1"},
				"south": {"uv": [7.33333, 7, 7.66667, 7.33333], "texture": "#1"},
				"west": {"uv": [7, 7, 7.33333, 7.33333], "texture": "#1"},
				"up": {"uv": [7, 7, 6.66667, 6.66667], "texture": "#1"},
				"down": {"uv": [7.33333, 6.66667, 7, 7], "texture": "#1"}
			}
		},
		{
			"from": [11, 24, -1],
			"to": [12, 27, 0],
			"rotation": {"angle": -22.5, "axis": "y", "origin": [10, 24, -1]},
			"faces": {
				"north": {"uv": [3.66666, 7.66666, 4, 8.66666], "texture": "#3"},
				"east": {"uv": [3.33333, 7.66666, 3.66666, 8.66666], "texture": "#3"},
				"south": {"uv": [4.33333, 7.66666, 4.66666, 8.66666], "texture": "#3"},
				"west": {"uv": [4, 7.66666, 4.33333, 8.66666], "texture": "#3"},
				"up": {"uv": [4, 7.66666, 3.66666, 7.33333], "texture": "#3"},
				"down": {"uv": [4.33333, 7.33333, 4, 7.66666], "texture": "#3"}
			}
		},
		{
			"from": [9, 19, -1],
			"to": [12, 21, 2],
			"rotation": {"angle": -22.5, "axis": "y", "origin": [10, 19, 0]},
			"faces": {
				"north": {"uv": [1, 3, 2, 3.66667], "texture": "#3"},
				"east": {"uv": [0, 3, 1, 3.66667], "texture": "#3"},
				"south": {"uv": [3, 3, 4, 3.66667], "texture": "#3"},
				"west": {"uv": [2, 3, 3, 3.66667], "texture": "#3"},
				"up": {"uv": [2, 3, 1, 2], "texture": "#3"},
				"down": {"uv": [3, 2, 2, 3], "texture": "#3"}
			}
		},
		{
			"from": [9, 18, -1],
			"to": [11, 19, 1],
			"rotation": {"angle": -22.5, "axis": "y", "origin": [10, 18, 0]},
			"faces": {
				"north": {"uv": [0.66667, 6.66667, 1.33333, 7], "texture": "#3"},
				"east": {"uv": [0, 6.66667, 0.66667, 7], "texture": "#3"},
				"south": {"uv": [2, 6.66667, 2.66667, 7], "texture": "#3"},
				"west": {"uv": [1.33333, 6.66667, 2, 7], "texture": "#3"},
				"up": {"uv": [1.33333, 6.66667, 0.66667, 6], "texture": "#3"},
				"down": {"uv": [2, 6, 1.33333, 6.66667], "texture": "#3"}
			}
		},
		{
			"from": [10, 21, -1],
			"to": [12, 24, 1],
			"rotation": {"angle": -22.5, "axis": "y", "origin": [10, 21, 0]},
			"faces": {
				"north": {"uv": [0.66667, 4.66667, 1.33333, 5.66667], "texture": "#3"},
				"east": {"uv": [0, 4.66667, 0.66667, 5.66667], "texture": "#3"},
				"south": {"uv": [2, 4.66667, 2.66667, 5.66667], "texture": "#3"},
				"west": {"uv": [1.33333, 4.66667, 2, 5.66667], "texture": "#3"},
				"up": {"uv": [1.33333, 4.66667, 0.66667, 4], "texture": "#3"},
				"down": {"uv": [2, 4, 1.33333, 4.66667], "texture": "#3"}
			}
		},
		{
			"from": [9, 21, -1],
			"to": [10, 22, 1],
			"rotation": {"angle": -22.5, "axis": "y", "origin": [10, 21, 0]},
			"faces": {
				"north": {"uv": [6, 6.66667, 6.33333, 7], "texture": "#3"},
				"east": {"uv": [5.33333, 6.66667, 6, 7], "texture": "#3"},
				"south": {"uv": [7, 6.66667, 7.33333, 7], "texture": "#3"},
				"west": {"uv": [6.33333, 6.66667, 7, 7], "texture": "#3"},
				"up": {"uv": [6.33333, 6.66667, 6, 6], "texture": "#3"},
				"down": {"uv": [6.66666, 6, 6.33333, 6.66667], "texture": "#3"}
			}
		},
		{
			"from": [9, 22, 0],
			"to": [10, 23, 1],
			"rotation": {"angle": -22.5, "axis": "y", "origin": [10, 22, 0]},
			"faces": {
				"north": {"uv": [0.33333, 10.33333, 0.66667, 10.66667], "texture": "#3"},
				"east": {"uv": [0, 10.33333, 0.33333, 10.66667], "texture": "#3"},
				"south": {"uv": [1, 10.33333, 1.33333, 10.66667], "texture": "#3"},
				"west": {"uv": [0.66667, 10.33333, 1, 10.66667], "texture": "#3"},
				"up": {"uv": [0.66667, 10.33333, 0.33333, 10], "texture": "#3"},
				"down": {"uv": [1, 10, 0.66667, 10.33333], "texture": "#3"}
			}
		},
		{
			"from": [10, 21, 1],
			"to": [11, 22, 2],
			"rotation": {"angle": -22.5, "axis": "y", "origin": [11, 21, 1]},
			"faces": {
				"north": {"uv": [8.66666, 9.33333, 9, 9.66667], "texture": "#3"},
				"east": {"uv": [8.33333, 9.33333, 8.66666, 9.66667], "texture": "#3"},
				"south": {"uv": [9.33333, 9.33333, 9.66666, 9.66667], "texture": "#3"},
				"west": {"uv": [9, 9.33333, 9.33333, 9.66667], "texture": "#3"},
				"up": {"uv": [9, 9.33333, 8.66666, 9], "texture": "#3"},
				"down": {"uv": [9.33333, 9, 9, 9.33333], "texture": "#3"}
			}
		},
		{
			"from": [0, 21, 8],
			"to": [3, 23, 11],
			"rotation": {"angle": 22.5, "axis": "y", "origin": [1, 21, 9]},
			"faces": {
				"north": {"uv": [5.33333, 1, 6.33333, 1.66667], "texture": "#3"},
				"east": {"uv": [4.33333, 1, 5.33333, 1.66667], "texture": "#3"},
				"south": {"uv": [7.33333, 1, 8.33333, 1.66667], "texture": "#3"},
				"west": {"uv": [6.33333, 1, 7.33333, 1.66667], "texture": "#3"},
				"up": {"uv": [6.33333, 1, 5.33333, 0], "texture": "#3"},
				"down": {"uv": [7.33333, 0, 6.33333, 1], "texture": "#3"}
			}
		},
		{
			"from": [0, 20, 8],
			"to": [2, 21, 10],
			"rotation": {"angle": 22.5, "axis": "y", "origin": [1, 20, 9]},
			"faces": {
				"north": {"uv": [6.66667, 4.66667, 7.33333, 5], "texture": "#3"},
				"east": {"uv": [6, 4.66667, 6.66667, 5], "texture": "#3"},
				"south": {"uv": [8, 4.66667, 8.66667, 5], "texture": "#3"},
				"west": {"uv": [7.33333, 4.66667, 8, 5], "texture": "#3"},
				"up": {"uv": [7.33333, 4.66667, 6.66667, 4], "texture": "#3"},
				"down": {"uv": [8, 4, 7.33333, 4.66667], "texture": "#3"}
			}
		},
		{
			"from": [1, 23, 8],
			"to": [3, 26, 10],
			"rotation": {"angle": 22.5, "axis": "y", "origin": [1, 23, 9]},
			"faces": {
				"north": {"uv": [8, 2.66667, 8.66666, 3.66667], "texture": "#3"},
				"east": {"uv": [7.33333, 2.66667, 8, 3.66667], "texture": "#3"},
				"south": {"uv": [9.33333, 2.66667, 10, 3.66667], "texture": "#3"},
				"west": {"uv": [8.66666, 2.66667, 9.33333, 3.66667], "texture": "#3"},
				"up": {"uv": [8.66666, 2.66667, 8, 2], "texture": "#3"},
				"down": {"uv": [9.33333, 2, 8.66666, 2.66667], "texture": "#3"}
			}
		},
		{
			"from": [1, 26, 9],
			"to": [2, 29, 10],
			"rotation": {"angle": 22.5, "axis": "y", "origin": [0, 26, 9]},
			"faces": {
				"north": {"uv": [2, 7.66666, 2.33334, 8.66666], "texture": "#3"},
				"east": {"uv": [1.66667, 7.66666, 2, 8.66666], "texture": "#3"},
				"south": {"uv": [2.66667, 7.66666, 3, 8.66666], "texture": "#3"},
				"west": {"uv": [2.33334, 7.66666, 2.66667, 8.66666], "texture": "#3"},
				"up": {"uv": [2.33334, 7.66666, 2, 7.33333], "texture": "#3"},
				"down": {"uv": [2.66667, 7.33333, 2.33334, 7.66666], "texture": "#3"}
			}
		},
		{
			"from": [0, 23, 8],
			"to": [1, 24, 10],
			"rotation": {"angle": 22.5, "axis": "y", "origin": [1, 23, 9]},
			"faces": {
				"north": {"uv": [3.66667, 6.66667, 4, 7], "texture": "#3"},
				"east": {"uv": [3, 6.66667, 3.66667, 7], "texture": "#3"},
				"south": {"uv": [4.66667, 6.66667, 5, 7], "texture": "#3"},
				"west": {"uv": [4, 6.66667, 4.66667, 7], "texture": "#3"},
				"up": {"uv": [4, 6.66667, 3.66667, 6], "texture": "#3"},
				"down": {"uv": [4.33333, 6, 4, 6.66667], "texture": "#3"}
			}
		},
		{
			"from": [0, 24, 9],
			"to": [1, 25, 10],
			"rotation": {"angle": 22.5, "axis": "y", "origin": [1, 24, 9]},
			"faces": {
				"north": {"uv": [5.33333, 9.33333, 5.66667, 9.66667], "texture": "#3"},
				"east": {"uv": [5, 9.33333, 5.33333, 9.66667], "texture": "#3"},
				"south": {"uv": [6, 9.33333, 6.33333, 9.66667], "texture": "#3"},
				"west": {"uv": [5.66667, 9.33333, 6, 9.66667], "texture": "#3"},
				"up": {"uv": [5.66667, 9.33333, 5.33333, 9], "texture": "#3"},
				"down": {"uv": [6, 9, 5.66667, 9.33333], "texture": "#3"}
			}
		},
		{
			"from": [1, 23, 9],
			"to": [2, 24, 10],
			"rotation": {"angle": 22.5, "axis": "y", "origin": [2, 23, 9]},
			"faces": {
				"north": {"uv": [3.66666, 9.33333, 4, 9.66667], "texture": "#3"},
				"east": {"uv": [3.33333, 9.33333, 3.66666, 9.66667], "texture": "#3"},
				"south": {"uv": [4.33333, 9.33333, 4.66666, 9.66667], "texture": "#3"},
				"west": {"uv": [4, 9.33333, 4.33333, 9.66667], "texture": "#3"},
				"up": {"uv": [4, 9.33333, 3.66666, 9], "texture": "#3"},
				"down": {"uv": [4.33333, 9, 4, 9.33333], "texture": "#3"}
			}
		},
		{
			"from": [12, 15, 13],
			"to": [15, 17, 16],
			"rotation": {"angle": -22.5, "axis": "y", "origin": [14, 15, 14]},
			"faces": {
				"north": {"uv": [1, 1, 2, 1.66667], "texture": "#3"},
				"east": {"uv": [0, 1, 1, 1.66667], "texture": "#3"},
				"south": {"uv": [3, 1, 4, 1.66667], "texture": "#3"},
				"west": {"uv": [2, 1, 3, 1.66667], "texture": "#3"},
				"up": {"uv": [2, 1, 1, 0], "texture": "#3"},
				"down": {"uv": [3, 0, 2, 1], "texture": "#3"}
			}
		},
		{
			"from": [13, 14, 13],
			"to": [15, 15, 15],
			"rotation": {"angle": -22.5, "axis": "y", "origin": [14, 14, 14]},
			"faces": {
				"north": {"uv": [3.66667, 4.66667, 4.33333, 5], "texture": "#3"},
				"east": {"uv": [3, 4.66667, 3.66667, 5], "texture": "#3"},
				"south": {"uv": [5, 4.66667, 5.66667, 5], "texture": "#3"},
				"west": {"uv": [4.33333, 4.66667, 5, 5], "texture": "#3"},
				"up": {"uv": [4.33333, 4.66667, 3.66667, 4], "texture": "#3"},
				"down": {"uv": [5, 4, 4.33333, 4.66667], "texture": "#3"}
			}
		},
		{
			"from": [13, 17, 14],
			"to": [15, 20, 16],
			"rotation": {"angle": -22.5, "axis": "y", "origin": [14, 17, 14]},
			"faces": {
				"north": {"uv": [5, 2.66667, 5.66666, 3.66667], "texture": "#3"},
				"east": {"uv": [4.33333, 2.66667, 5, 3.66667], "texture": "#3"},
				"south": {"uv": [6.33333, 2.66667, 7, 3.66667], "texture": "#3"},
				"west": {"uv": [5.66666, 2.66667, 6.33333, 3.66667], "texture": "#3"},
				"up": {"uv": [5.66666, 2.66667, 5, 2], "texture": "#3"},
				"down": {"uv": [6.33333, 2, 5.66666, 2.66667], "texture": "#3"}
			}
		},
		{
			"from": [12, 20, 15],
			"to": [13, 23, 16],
			"rotation": {"angle": -22.5, "axis": "y", "origin": [13, 20, 14]},
			"faces": {
				"north": {"uv": [0.33333, 7.66666, 0.66667, 8.66666], "texture": "#3"},
				"east": {"uv": [0, 7.66666, 0.33333, 8.66666], "texture": "#3"},
				"south": {"uv": [1, 7.66666, 1.33333, 8.66666], "texture": "#3"},
				"west": {"uv": [0.66667, 7.66666, 1, 8.66666], "texture": "#3"},
				"up": {"uv": [0.66667, 7.66666, 0.33333, 7.33333], "texture": "#3"},
				"down": {"uv": [1, 7.33333, 0.66667, 7.66666], "texture": "#3"}
			}
		},
		{
			"from": [13, 17, 13],
			"to": [15, 18, 14],
			"rotation": {"angle": -22.5, "axis": "y", "origin": [14, 17, 14]},
			"faces": {
				"north": {"uv": [8, 6.33333, 8.66667, 6.66667], "texture": "#3"},
				"east": {"uv": [7.66667, 6.33333, 8, 6.66667], "texture": "#3"},
				"south": {"uv": [9, 6.33333, 9.66667, 6.66667], "texture": "#3"},
				"west": {"uv": [8.66667, 6.33333, 9, 6.66667], "texture": "#3"},
				"up": {"uv": [8.66667, 6.33333, 8, 6], "texture": "#3"},
				"down": {"uv": [9.33334, 6, 8.66667, 6.33333], "texture": "#3"}
			}
		},
		{
			"from": [13, 18, 13],
			"to": [14, 19, 14],
			"rotation": {"angle": -22.5, "axis": "y", "origin": [14, 18, 14]},
			"faces": {
				"north": {"uv": [0.33333, 9.33333, 0.66667, 9.66667], "texture": "#3"},
				"east": {"uv": [0, 9.33333, 0.33333, 9.66667], "texture": "#3"},
				"south": {"uv": [1, 9.33333, 1.33333, 9.66667], "texture": "#3"},
				"west": {"uv": [0.66667, 9.33333, 1, 9.66667], "texture": "#3"},
				"up": {"uv": [0.66667, 9.33333, 0.33333, 9], "texture": "#3"},
				"down": {"uv": [1, 9, 0.66667, 9.33333], "texture": "#3"}
			}
		},
		{
			"from": [14, 17, 14],
			"to": [15, 18, 15],
			"rotation": {"angle": -22.5, "axis": "y", "origin": [15, 17, 15]},
			"faces": {
				"north": {"uv": [7, 7.66666, 7.33334, 8], "texture": "#3"},
				"east": {"uv": [6.66667, 7.66666, 7, 8], "texture": "#3"},
				"south": {"uv": [7.66667, 7.66666, 8, 8], "texture": "#3"},
				"west": {"uv": [7.33334, 7.66666, 7.66667, 8], "texture": "#3"},
				"up": {"uv": [7.33334, 7.66666, 7, 7.33333], "texture": "#3"},
				"down": {"uv": [7.66667, 7.33333, 7.33334, 7.66666], "texture": "#3"}
			}
		},
		{
			"from": [12, 19, 14],
			"to": [13, 20, 15],
			"rotation": {"angle": -22.5, "axis": "y", "origin": [13, 19, 15]},
			"faces": {
				"north": {"uv": [5.33333, 7.66666, 5.66667, 8], "texture": "#3"},
				"east": {"uv": [5, 7.66666, 5.33333, 8], "texture": "#3"},
				"south": {"uv": [6, 7.66666, 6.33333, 8], "texture": "#3"},
				"west": {"uv": [5.66667, 7.66666, 6, 8], "texture": "#3"},
				"up": {"uv": [5.66667, 7.66666, 5.33333, 7.33333], "texture": "#3"},
				"down": {"uv": [6, 7.33333, 5.66667, 7.66666], "texture": "#3"}
			}
		}
	],
	"gui_light": "front",
	"display": {
		"thirdperson_righthand": {
			"translation": [0, 11.25, 1.25]
		},
		"thirdperson_lefthand": {
			"translation": [0, 12.25, 1.75]
		},
		"firstperson_righthand": {
			"rotation": [11, 0, 0],
			"translation": [2.25, 9.75, 1.5],
			"scale": [0.75, 0.75, 0.75]
		},
		"firstperson_lefthand": {
			"translation": [3, 11, 0],
			"scale": [0.75, 0.75, 0.75]
		},
		"ground": {
			"translation": [0, 14.75, 0],
			"scale": [0.75, 0.75, 0.75]
		},
		"gui": {
			"rotation": [90, 44.25, -90],
			"scale": [0.44, 0.44, 0.44]
		},
		"head": {
			"rotation": [0, 90, 180],
			"translation": [-0.5, 18, 0]
		}
	},
	"groups": [
		{
			"name": "group",
			"origin": [8, 8, 8],
			"color": 0,
			"children": [0, 1, 2, 3, 4, 5, 6, 7, 8, 9, 10, 11, 12, 13, 14, 15, 16, 17, 18, 19, 20, 21, 22, 23, 24, 25, 26, 27]
		},
		{
			"name": "group",
			"origin": [8, 8, 8],
			"color": 0,
			"children": [28, 29, 30, 31, 32, 33, 34, 35, 36, 37, 38, 39, 40, 41, 42, 43, 44, 45, 46, 47, 48, 49]
		}
	]
}