{
	"credit": "Made with Blockbench",
	"parent": "minecraft:item/handheld",
	"textures": {
		"layer0": "item/misc/infernal_claymore"
	},
	"display": {
		"thirdperson_righthand": {
			"rotation": [0, -90, 55],
			"translation": [0, 7.5, 0.5],
			"scale": [1.3, 1.3, 1.3]
		},
		"thirdperson_lefthand": {
			"rotation": [67.5, 0, 90],
			"translation": [-6.25, -6.25, 9.75],
			"scale": [1.3, 1.3, 1.3]
		},
		"firstperson_righthand": {
			"rotation": [0, -90, 25],
			"translation": [1.13, 3.7, 0.13]
		},
		"firstperson_lefthand": {
			"rotation": [0, 90, -25],
			"translation": [1.13, 4.2, 0.88],
			"scale": [0, 0, 0]
		},
		"ground": {
			"translation": [0, 6.5, 0],
			"scale": [1.3, 1.3, 1.3]
		},
		"head": {
			"rotation": [0, 0, -135],
			"translation": [0, 12, 0],
			"scale": [1.3, 1.3, 1.3]
		}
	}
}