{
	"credit": "Made with Blockbench",
	"texture_size": [32, 32],
	"textures": {
		"0": "item/misc/real_knife",
		"particle": "item/misc/real_knife"
	},
	"elements": [
		{
			"from": [8, 0, 7],
			"to": [9, 6, 10],
			"rotation": {"angle": 0, "axis": "y", "origin": [8, 1, 8]},
			"faces": {
				"north": {"uv": [1.5, 13, 2, 16], "texture": "#0"},
				"east": {"uv": [0, 13, 1.5, 16], "texture": "#0"},
				"south": {"uv": [3.5, 13, 4, 16], "texture": "#0"},
				"west": {"uv": [2, 13, 3.5, 16], "texture": "#0"},
				"up": {"uv": [2, 13, 1.5, 11.5], "texture": "#0"},
				"down": {"uv": [2.5, 11.5, 2, 13], "texture": "#0"}
			}
		},
		{
			"from": [8, 6, 4],
			"to": [9, 13, 10],
			"rotation": {"angle": 0, "axis": "y", "origin": [8, 3, 8]},
			"faces": {
				"north": {"uv": [12, 12.5, 12.5, 16], "texture": "#0"},
				"east": {"uv": [9, 12.5, 12, 16], "texture": "#0"},
				"south": {"uv": [15.5, 12.5, 16, 16], "texture": "#0"},
				"west": {"uv": [12.5, 12.5, 15.5, 16], "texture": "#0"},
				"up": {"uv": [12.5, 12.5, 12, 9.5], "texture": "#0"},
				"down": {"uv": [13, 9.5, 12.5, 12.5], "texture": "#0"}
			}
		},
		{
			"from": [8, 13, 5],
			"to": [9, 17, 10],
			"rotation": {"angle": 0, "axis": "y", "origin": [8, 10, 8]},
			"faces": {
				"north": {"uv": [11.5, 7, 12, 9], "texture": "#0"},
				"east": {"uv": [9, 7, 11.5, 9], "texture": "#0"},
				"south": {"uv": [14.5, 7, 15, 9], "texture": "#0"},
				"west": {"uv": [12, 7, 14.5, 9], "texture": "#0"},
				"up": {"uv": [12, 7, 11.5, 4.5], "texture": "#0"},
				"down": {"uv": [12.5, 4.5, 12, 7], "texture": "#0"}
			}
		},
		{
			"from": [8, 17, 6],
			"to": [9, 21, 10],
			"rotation": {"angle": 0, "axis": "y", "origin": [8, 12, 8]},
			"faces": {
				"north": {"uv": [6, 7, 6.5, 9], "texture": "#0"},
				"east": {"uv": [4, 7, 6, 9], "texture": "#0"},
				"south": {"uv": [8.5, 7, 9, 9], "texture": "#0"},
				"west": {"uv": [6.5, 7, 8.5, 9], "texture": "#0"},
				"up": {"uv": [6.5, 7, 6, 5], "texture": "#0"},
				"down": {"uv": [7, 5, 6.5, 7], "texture": "#0"}
			}
		},
		{
			"from": [8, 21, 8],
			"to": [9, 24, 10],
			"rotation": {"angle": 0, "axis": "y", "origin": [8, 16, 9]},
			"faces": {
				"north": {"uv": [14, 1, 14.5, 2.5], "texture": "#0"},
				"east": {"uv": [13, 1, 14, 2.5], "texture": "#0"},
				"south": {"uv": [15.5, 1, 16, 2.5], "texture": "#0"},
				"west": {"uv": [14.5, 1, 15.5, 2.5], "texture": "#0"},
				"up": {"uv": [14.5, 1, 14, 0], "texture": "#0"},
				"down": {"uv": [15, 0, 14.5, 1], "texture": "#0"}
			}
		},
		{
			"from": [8, 24, 9],
			"to": [9, 25, 10],
			"rotation": {"angle": 0, "axis": "y", "origin": [8, 19, 9]},
			"faces": {
				"north": {"uv": [2, 5, 2.5, 5.5], "texture": "#0"},
				"east": {"uv": [1.5, 5, 2, 5.5], "texture": "#0"},
				"south": {"uv": [3, 5, 3.5, 5.5], "texture": "#0"},
				"west": {"uv": [2.5, 5, 3, 5.5], "texture": "#0"},
				"up": {"uv": [2.5, 5, 2, 4.5], "texture": "#0"},
				"down": {"uv": [3, 4.5, 2.5, 5], "texture": "#0"}
			}
		},
		{
			"from": [8, 21, 7],
			"to": [9, 22, 8],
			"rotation": {"angle": 0, "axis": "y", "origin": [8, 16, 7]},
			"faces": {
				"north": {"uv": [3.5, 1, 4, 1.5], "texture": "#0"},
				"east": {"uv": [3, 1, 3.5, 1.5], "texture": "#0"},
				"south": {"uv": [4.5, 1, 5, 1.5], "texture": "#0"},
				"west": {"uv": [4, 1, 4.5, 1.5], "texture": "#0"},
				"up": {"uv": [4, 1, 3.5, 0.5], "texture": "#0"},
				"down": {"uv": [4.5, 0.5, 4, 1], "texture": "#0"}
			}
		}
	],
	"gui_light": "front",
	"display": {
		"thirdperson_righthand": {
			"translation": [-0.5, 3.5, 1.5],
			"scale": [0.75, 0.75, 0.75]
		},
		"thirdperson_lefthand": {
			"translation": [0, 2.5, 1.25],
			"scale": [0.75, 0.75, 0.75]
		},
		"firstperson_righthand": {
			"rotation": [19, 0, 0],
			"translation": [4, 1.25, -1.25],
			"scale": [0.75, 0.75, 0.75]
		},
		"firstperson_lefthand": {
			"rotation": [14, 0, 0],
			"translation": [3.25, 2.75, 0.5],
			"scale": [0.7, 0.7, 0.7]
		},
		"ground": {
			"rotation": [-31, 0, 0],
			"translation": [0, 2, 0],
			"scale": [0.75, 0.75, 0.75]
		},
		"gui": {
			"rotation": [-38.27, -31.08, -57],
			"translation": [-2.25, -2, 0],
			"scale": [0.75, 0.75, 0.75]
		},
		"head": {
			"rotation": [-90, 0, 90],
			"translation": [5.75, 6.25, 0]
		},
		"fixed": {
			"rotation": [-90, 41.5, 90],
			"translation": [2, -3, 0],
			"scale": [0.75, 0.75, 0.75]
		}
	}
}