{
	"credit": "Made with Blockbench",
	"elements": [
		{
			"from": [-3, 0, 1],
			"to": [15, 9, 13],
			"rotation": {"angle": 0, "axis": "y", "origin": [8, 0, 6]},
			"color": 0,
			"faces": {
				"north": {"uv": [0, 0, 16, 9], "texture": "#missing"},
				"east": {"uv": [0, 0, 12, 9], "texture": "#missing"},
				"south": {"uv": [0, 0, 16, 9], "texture": "#missing"},
				"west": {"uv": [0, 0, 12, 9], "texture": "#missing"},
				"up": {"uv": [0, 0, 16, 12], "texture": "#missing"},
				"down": {"uv": [0, 0, 16, 12], "texture": "#missing"}
			}
		}
	]
}