{
	"credit": "Made with Blockbench",
	"texture_size": [32, 32],
	"textures": {
		"0": "item/halloween/scythe",
		"particle": "item/halloween/scythe"
	},
	"elements": [
		{
			"from": [3, -16, 7],
			"to": [4, 14, 8],
			"rotation": {"angle": 0, "axis": "y", "origin": [3, -16, 7]},
			"faces": {
				"north": {"uv": [0.5, 0.5, 1, 15.5], "texture": "#0"},
				"east": {"uv": [0, 0.5, 0.5, 15.5], "texture": "#0"},
				"south": {"uv": [1.5, 0.5, 2, 15.5], "texture": "#0"},
				"west": {"uv": [1, 0.5, 1.5, 15.5], "texture": "#0"},
				"up": {"uv": [1, 0.5, 0.5, 0], "texture": "#0"},
				"down": {"uv": [1.5, 0, 1, 0.5], "texture": "#0"}
			}
		},
		{
			"from": [2, 10, 7],
			"to": [7, 13, 8],
			"rotation": {"angle": 0, "axis": "y", "origin": [2, 11, 6]},
			"faces": {
				"north": {"uv": [3.5, 1.5, 6, 3], "texture": "#0"},
				"east": {"uv": [2, 1.5, 3.5, 3], "texture": "#0"},
				"south": {"uv": [7.5, 1.5, 10, 3], "texture": "#0"},
				"west": {"uv": [6, 1.5, 7.5, 3], "texture": "#0"},
				"up": {"uv": [6, 1.5, 3.5, 0], "texture": "#0"},
				"down": {"uv": [8.5, 0, 6, 1.5], "texture": "#0"}
			}
		},
		{
			"from": [0, 12, 7],
			"to": [2, 13, 8],
			"rotation": {"angle": 0, "axis": "y", "origin": [-3, 11, 6]},
			"faces": {
				"north": {"uv": [3.5, 1.5, 6, 3], "texture": "#0"},
				"east": {"uv": [2, 1.5, 3.5, 3], "texture": "#0"},
				"south": {"uv": [7.5, 1.5, 10, 3], "texture": "#0"},
				"west": {"uv": [6, 1.5, 7.5, 3], "texture": "#0"},
				"up": {"uv": [6, 1.5, 3.5, 0], "texture": "#0"},
				"down": {"uv": [8.5, 0, 6, 1.5], "texture": "#0"}
			}
		},
		{
			"from": [2, 10, 8],
			"to": [5, 13, 9],
			"rotation": {"angle": 0, "axis": "y", "origin": [0, 11, 7]},
			"faces": {
				"north": {"uv": [3.5, 1.5, 6, 3], "texture": "#0"},
				"east": {"uv": [2, 1.5, 3.5, 3], "texture": "#0"},
				"south": {"uv": [7.5, 1.5, 10, 3], "texture": "#0"},
				"west": {"uv": [6, 1.5, 7.5, 3], "texture": "#0"},
				"up": {"uv": [6, 1.5, 3.5, 0], "texture": "#0"},
				"down": {"uv": [8.5, 0, 6, 1.5], "texture": "#0"}
			}
		},
		{
			"from": [2, 10, 6],
			"to": [5, 13, 7],
			"rotation": {"angle": 0, "axis": "y", "origin": [0, 11, 5]},
			"faces": {
				"north": {"uv": [3.5, 1.5, 6, 3], "texture": "#0"},
				"east": {"uv": [2, 1.5, 3.5, 3], "texture": "#0"},
				"south": {"uv": [7.5, 1.5, 10, 3], "texture": "#0"},
				"west": {"uv": [6, 1.5, 7.5, 3], "texture": "#0"},
				"up": {"uv": [6, 1.5, 3.5, 0], "texture": "#0"},
				"down": {"uv": [8.5, 0, 6, 1.5], "texture": "#0"}
			}
		},
		{
			"from": [7, 9, 7],
			"to": [11, 12, 8],
			"rotation": {"angle": 0, "axis": "y", "origin": [7, 11, 6]},
			"faces": {
				"north": {"uv": [3.5, 4.5, 5.5, 6], "texture": "#0"},
				"east": {"uv": [2, 4.5, 3.5, 6], "texture": "#0"},
				"south": {"uv": [7, 4.5, 9, 6], "texture": "#0"},
				"west": {"uv": [5.5, 4.5, 7, 6], "texture": "#0"},
				"up": {"uv": [5.5, 4.5, 3.5, 3], "texture": "#0"},
				"down": {"uv": [7.5, 3, 5.5, 4.5], "texture": "#0"}
			}
		},
		{
			"from": [11, 8, 7],
			"to": [13, 11, 8],
			"rotation": {"angle": 0, "axis": "y", "origin": [10, 10, 6]},
			"faces": {
				"north": {"uv": [3.5, 7.5, 4.5, 9], "texture": "#0"},
				"east": {"uv": [2, 7.5, 3.5, 9], "texture": "#0"},
				"south": {"uv": [6, 7.5, 7, 9], "texture": "#0"},
				"west": {"uv": [4.5, 7.5, 6, 9], "texture": "#0"},
				"up": {"uv": [4.5, 7.5, 3.5, 6], "texture": "#0"},
				"down": {"uv": [5.5, 6, 4.5, 7.5], "texture": "#0"}
			}
		},
		{
			"from": [13, 7, 7],
			"to": [14, 10, 8],
			"rotation": {"angle": 0, "axis": "y", "origin": [12, 9, 6]},
			"faces": {
				"north": {"uv": [3.5, 10.5, 4, 12], "texture": "#0"},
				"east": {"uv": [2, 10.5, 3.5, 12], "texture": "#0"},
				"south": {"uv": [5.5, 10.5, 6, 12], "texture": "#0"},
				"west": {"uv": [4, 10.5, 5.5, 12], "texture": "#0"},
				"up": {"uv": [4, 10.5, 3.5, 9], "texture": "#0"},
				"down": {"uv": [4.5, 9, 4, 10.5], "texture": "#0"}
			}
		},
		{
			"from": [14, 3, 7],
			"to": [15, 5, 8],
			"rotation": {"angle": 0, "axis": "y", "origin": [13, 4, 6]},
			"faces": {
				"north": {"uv": [9.5, 3.5, 10, 4.5], "texture": "#0"},
				"east": {"uv": [9, 3.5, 9.5, 4.5], "texture": "#0"},
				"south": {"uv": [10.5, 3.5, 11, 4.5], "texture": "#0"},
				"west": {"uv": [10, 3.5, 10.5, 4.5], "texture": "#0"},
				"up": {"uv": [10, 3.5, 9.5, 3], "texture": "#0"},
				"down": {"uv": [10.5, 3, 10, 3.5], "texture": "#0"}
			}
		},
		{
			"from": [14, 5, 7],
			"to": [15, 8, 8],
			"rotation": {"angle": 0, "axis": "y", "origin": [13, 7, 6]},
			"faces": {
				"north": {"uv": [8.5, 7.5, 9, 9], "texture": "#0"},
				"east": {"uv": [7, 7.5, 8.5, 9], "texture": "#0"},
				"south": {"uv": [10.5, 7.5, 11, 9], "texture": "#0"},
				"west": {"uv": [9, 7.5, 10.5, 9], "texture": "#0"},
				"up": {"uv": [9, 7.5, 8.5, 6], "texture": "#0"},
				"down": {"uv": [9.5, 6, 9, 7.5], "texture": "#0"}
			}
		}
	],
	"gui_light": "front",
	"display": {
		"thirdperson_righthand": {
			"rotation": [0, 90, 0],
			"translation": [0, 20, -2.75],
			"scale": [1.4, 1.4, 1.4]
		},
		"thirdperson_lefthand": {
			"rotation": [90, -90, 90],
			"translation": [0, 20, -3],
			"scale": [1.4, 1.4, 1.4]
		},
		"firstperson_righthand": {
			"rotation": [0, 90, 0],
			"translation": [0, 9.5, -0.75],
			"scale": [1.4, 1.4, 1.4]
		},
		"firstperson_lefthand": {
			"rotation": [0, -90, 0],
			"translation": [0, 9.5, -2.75],
			"scale": [1.4, 1.4, 1.4]
		},
		"ground": {
			"translation": [0, 26, 0],
			"scale": [1.4, 1.4, 1.4]
		},
		"gui": {
			"rotation": [-150.94, -1.61, -144.77],
			"translation": [1.5, 4.75, 0],
			"scale": [0.6, 0.6, 0.6]
		},
		"head": {
			"rotation": [-52.25, 90, 0],
			"translation": [0, 15.5, 1],
			"scale": [1.4, 1.4, 1.4]
		},
		"fixed": {
			"rotation": [0, 0, 37.25],
			"translation": [-1.25, 4.25, 0],
			"scale": [0.6, 0.6, 0.6]
		}
	}
}