{
	"credit": "Made with Blockbench",
	"parent": "minecraft:item/handheld",
	"textures": {
		"layer0": "item/halloween/bramble_3"
	},
	"display": {
		"thirdperson_righthand": {
			"rotation": [104, -90, 55],
			"translation": [0, -1.25, -4],
			"scale": [0.85, 0.85, 0.85]
		},
		"thirdperson_lefthand": {
			"rotation": [43.75, 90, 0],
			"translation": [0, -1.25, -4],
			"scale": [0.85, 0.85, 0.85]
		},
		"firstperson_righthand": {
			"rotation": [-40.5, -90, 0],
			"translation": [0.13, 0.95, 0.38],
			"scale": [0.78, 0.78, 0.78]
		},
		"firstperson_lefthand": {
			"rotation": [-40, 90, 0],
			"translation": [0.13, 0.95, 0.38],
			"scale": [0.78, 0.78, 0.78]
		},
		"head": {
			"rotation": [-51.08, -75.99, -92.41],
			"translation": [-2, -4.75, -8],
			"scale": [0.5, 0.5, 0.5]
		}
	}
}