{
	"credit": "Made with Blockbench",
	"texture_size": [128, 128],
	"textures": {
		"0": "item/halloween/hammer",
		"particle": "item/halloween/hammer"
	},
	"elements": [
		{
			"from": [7, -16, 8],
			"to": [8, 18, 9],
			"rotation": {"angle": 0, "axis": "y", "origin": [7, -16, 8]},
			"faces": {
				"north": {"uv": [0.125, 4.25, 0.25, 8.5], "texture": "#0"},
				"east": {"uv": [0, 4.25, 0.125, 8.5], "texture": "#0"},
				"south": {"uv": [0.375, 4.25, 0.5, 8.5], "texture": "#0"},
				"west": {"uv": [0.25, 4.25, 0.375, 8.5], "texture": "#0"},
				"up": {"uv": [0.25, 4.25, 0.125, 4.125], "texture": "#0"},
				"down": {"uv": [0.375, 4.125, 0.25, 4.25], "texture": "#0"}
			}
		},
		{
			"from": [3, 18, -1],
			"to": [12, 32, 18],
			"rotation": {"angle": 0, "axis": "y", "origin": [7, -2, 7]},
			"faces": {
				"north": {"uv": [2.375, 2.375, 3.5, 4.125], "texture": "#0"},
				"east": {"uv": [0, 2.375, 2.375, 4.125], "texture": "#0"},
				"south": {"uv": [5.875, 2.375, 7, 4.125], "texture": "#0"},
				"west": {"uv": [3.5, 2.375, 5.875, 4.125], "texture": "#0"},
				"up": {"uv": [3.5, 2.375, 2.375, 0], "texture": "#0"},
				"down": {"uv": [4.625, 0, 3.5, 2.375], "texture": "#0"}
			}
		},
		{
			"from": [4, 19, 18],
			"to": [11, 31, 20],
			"rotation": {"angle": 0, "axis": "y", "origin": [7, -2, 15]},
			"faces": {
				"north": {"uv": [3, 4.375, 3.875, 5.875], "texture": "#0"},
				"east": {"uv": [2.75, 4.375, 3, 5.875], "texture": "#0"},
				"south": {"uv": [4.125, 4.375, 5, 5.875], "texture": "#0"},
				"west": {"uv": [3.875, 4.375, 4.125, 5.875], "texture": "#0"},
				"up": {"uv": [3.875, 4.375, 3, 4.125], "texture": "#0"},
				"down": {"uv": [4.75, 4.125, 3.875, 4.375], "texture": "#0"}
			}
		},
		{
			"from": [4, 19, -3],
			"to": [11, 31, -1],
			"rotation": {"angle": 0, "axis": "y", "origin": [7, -2, -6]},
			"faces": {
				"north": {"uv": [0.75, 4.375, 1.625, 5.875], "texture": "#0"},
				"east": {"uv": [0.5, 4.375, 0.75, 5.875], "texture": "#0"},
				"south": {"uv": [1.875, 4.375, 2.75, 5.875], "texture": "#0"},
				"west": {"uv": [1.625, 4.375, 1.875, 5.875], "texture": "#0"},
				"up": {"uv": [1.625, 4.375, 0.75, 4.125], "texture": "#0"},
				"down": {"uv": [2.5, 4.125, 1.625, 4.375], "texture": "#0"}
			}
		}
	],
	"display": {
		"thirdperson_righthand": {
			"translation": [1.25, 57.75, -1.25],
			"scale": [4, 4, 4]
		},
		"thirdperson_lefthand": {
			"translation": [-1.25, 57.75, -1.25],
			"scale": [4, 4, 4]
		},
		"firstperson_righthand": {
			"translation": [0, 18.25, 0],
			"scale": [4, 4, 4]
		},
		"firstperson_lefthand": {
			"translation": [0, 18.25, 0],
			"scale": [4, 4, 4]
		},
		"ground": {
			"translation": [0, 80, 0],
			"scale": [4, 4, 4]
		},
		"gui": {
			"rotation": [26.01, 30.96, -30.88],
			"translation": [-0.75, -0.75, 0],
			"scale": [0.46, 0.46, 0.46]
		},
		"head": {
			"translation": [0.5, -3.75, 0]
		},
		"fixed": {
			"rotation": [26.01, 30.96, -30.88],
			"translation": [-0.75, -0.75, 0],
			"scale": [0.43, 0.43, 0.43]
		}
	}
}